age,annual_income,employment_years,loan_amount,loan_term_months,num_credit_lines,num_late_payments,credit_utilization,existing_debt,num_inquiries,education_level,home_ownership,credit_score,debt_to_income,creditworthy,loan_income_ratio,monthly_debt_burden,late_payment_rate,credit_score_band,high_utilization,has_late_payments,experience_income_ratio
25,83664,11,61258,24,4,6,19.34,0,6,0,1,483,0.7322,0,0.7322,0.0,1.2,0,0,1,1.3148
58,56830,18,10476,36,7,8,31.49,18705,0,3,2,478,0.5135,0,0.1843,505.54,1.0,0,1,1,3.1673
53,66615,6,34238,60,6,8,90.24,18257,6,1,2,349,0.788,0,0.514,299.3,1.1429,0,1,1,0.9007
42,53864,30,3074,24,5,1,79.65,19829,6,0,1,613,0.4252,0,0.0571,793.16,0.1667,1,1,1,5.5696
42,51591,25,37275,48,2,5,94.69,39062,6,2,0,466,1.4797,0,0.7225,797.18,1.6667,0,1,1,4.8458
63,39410,26,21366,48,6,3,65.2,30405,7,0,1,541,1.3137,0,0.5421,620.51,0.4286,0,1,1,6.5973
25,63606,5,28192,24,2,7,66.29,25850,6,1,0,394,0.8496,0,0.4432,1034.0,2.3333,0,1,1,0.7861
55,37969,24,37610,60,3,5,48.0,8379,4,2,0,525,1.2112,0,0.9905,137.36,1.25,0,1,1,6.3209
30,68311,29,27250,36,4,9,90.52,12870,3,0,0,396,0.5873,0,0.3989,347.84,1.8,0,1,1,4.2453
25,76705,6,32737,12,2,4,51.09,17051,3,2,2,533,0.6491,1,0.4268,1311.62,1.3333,0,1,1,0.7822
46,62330,26,61652,60,4,6,35.51,10245,6,0,2,494,1.1535,0,0.9891,167.95,1.2,0,1,1,4.1713
68,49275,12,65203,60,3,1,64.04,23004,3,2,0,618,1.7901,1,1.3232,377.11,0.25,1,1,1,2.4353
57,64079,27,2457,12,8,9,54.61,21569,4,0,0,408,0.3749,0,0.0383,1659.15,1.0,0,1,1,4.2135
58,48826,16,31471,60,8,1,12.4,7116,0,0,2,700,0.7903,1,0.6446,116.66,0.1111,2,0,1,3.2769
56,73710,28,68057,60,1,3,39.27,29968,2,1,2,623,1.3299,0,0.9233,491.28,1.5,1,1,1,3.7987
59,18371,5,43374,60,6,8,31.33,19023,2,2,0,424,3.3965,0,2.361,311.85,1.1429,0,1,1,2.7217
46,48287,13,18011,24,6,9,84.68,709,3,0,0,367,0.3877,0,0.373,28.36,1.2857,0,1,1,2.6922
27,15183,9,48294,48,4,4,37.88,17486,4,2,2,527,4.3325,0,3.1808,356.86,0.8,0,1,1,5.9277
62,25098,8,13304,36,5,4,82.16,20812,5,0,2,481,1.3593,0,0.5301,562.49,0.6667,0,1,1,3.1875
43,82277,10,3702,48,8,0,44.24,27727,3,1,2,665,0.382,1,0.045,565.86,0.0,1,1,0,1.2154
45,72903,13,51329,48,4,9,75.35,14625,1,1,0,397,0.9047,0,0.7041,298.47,1.8,0,1,1,1.7832
39,40610,4,42180,48,1,0,13.53,26279,4,0,0,660,1.6858,1,1.0387,536.31,0.0,1,0,0,0.985
29,24949,24,61007,36,4,0,92.47,19871,0,3,1,675,3.2417,0,2.4453,537.05,0.0,2,1,0,9.6196
66,15000,19,28896,48,3,4,48.06,4849,6,1,0,521,2.2497,0,1.9264,98.96,1.0,0,1,1,12.6667
59,44130,29,68634,36,4,0,25.98,3848,6,1,2,685,1.6425,1,1.5553,104.0,0.0,2,0,0,6.5715
52,103408,24,34859,12,3,1,24.15,29225,1,1,0,703,0.6197,1,0.3371,2248.08,0.25,2,0,1,2.3209
40,63697,5,59565,12,2,6,26.51,29959,2,1,2,495,1.4055,0,0.9351,2304.54,2.0,0,0,1,0.785
61,43808,2,9822,60,9,7,36.67,21229,0,1,2,469,0.7088,0,0.2242,348.02,0.7,0,1,1,0.4565
47,64301,14,9577,60,2,2,71.75,32957,2,2,2,596,0.6615,1,0.1489,540.28,0.6667,1,1,1,2.1773
42,23780,16,63060,36,7,7,94.96,28566,0,1,2,445,3.8531,0,2.6518,772.05,0.875,0,1,1,6.7283
43,49053,8,67050,12,7,6,66.9,24836,7,1,2,417,1.8732,0,1.3669,1910.46,0.75,0,1,1,1.6309
32,56989,27,75507,48,6,2,54.72,8886,1,1,0,649,1.4809,1,1.3249,181.35,0.2857,1,1,1,4.7378
25,53277,20,27320,12,9,7,44.86,35314,5,1,1,447,1.1756,0,0.5128,2716.46,0.7,0,1,1,3.754
48,70816,26,3736,24,1,5,82.82,23363,4,1,0,505,0.3827,1,0.0528,934.52,2.5,0,1,1,3.6715
64,61892,3,78432,24,3,8,84.97,14141,1,1,2,397,1.4957,0,1.2672,565.64,2.0,0,1,1,0.4847
24,68366,28,48907,12,2,1,29.3,11317,6,1,2,653,0.8809,0,0.7154,870.54,0.3333,1,0,1,4.0956
63,41232,7,21275,60,6,2,95.34,20567,0,2,0,581,1.0148,0,0.516,337.16,0.2857,1,1,1,1.6977
61,72956,15,61579,36,6,3,39.51,1289,7,3,0,552,0.8617,0,0.8441,34.84,0.4286,0,1,1,2.056
34,87578,15,72503,24,9,3,80.01,24996,5,3,1,538,1.1133,0,0.8279,999.84,0.3,0,1,1,1.7128
51,35597,28,24214,36,4,8,96.68,8464,5,2,0,394,0.918,0,0.6802,228.76,1.6,0,1,1,7.8658
29,37246,9,62034,12,3,7,70.37,21706,7,1,2,384,2.2483,0,1.6655,1669.69,1.75,0,1,1,2.4164
58,81715,8,63429,36,9,5,16.16,12783,3,2,0,536,0.9327,0,0.7762,345.49,0.5,0,0,1,0.979
55,51173,11,41131,36,7,5,58.61,15355,2,0,2,512,1.1038,0,0.8038,415.0,0.625,0,1,1,2.1496
38,83076,12,51323,24,7,8,11.88,10430,1,1,1,479,0.7433,1,0.6178,417.2,1.0,0,0,1,1.4445
24,46149,6,23022,60,5,4,78.91,16387,7,0,1,464,0.854,0,0.4989,268.64,0.6667,0,1,1,1.3001
68,84100,6,74474,24,5,2,28.13,36893,3,0,0,608,1.3242,0,0.8855,1475.72,0.3333,1,0,1,0.7134
42,57629,8,78682,12,4,1,69.52,31850,6,3,2,575,1.918,0,1.3653,2450.0,0.2,0,1,1,1.3882
64,60164,16,78518,36,7,3,91.01,21544,2,2,2,556,1.6632,0,1.3051,582.27,0.375,0,1,1,2.6594
54,86294,12,59495,60,2,6,18.1,17747,7,1,1,473,0.8951,0,0.6894,290.93,2.0,0,0,1,1.3906
59,47764,13,5302,24,9,4,39.29,26442,6,0,1,518,0.6646,0,0.111,1057.68,0.4,0,1,1,2.7217
58,36177,25,30583,12,2,4,64.71,29299,2,1,2,559,1.6553,0,0.8454,2253.77,1.3333,0,1,1,6.9105
30,46028,8,36705,60,5,4,41.97,9701,3,1,2,539,1.0082,1,0.7974,159.03,0.6667,0,1,1,1.7381
38,64046,31,76867,36,3,9,17.48,17225,6,2,2,427,1.4691,0,1.2002,465.54,2.25,0,0,1,4.8403
43,23684,26,44665,12,6,9,2.91,0,1,3,2,474,1.8859,0,1.8859,0.0,1.2857,0,0,1,10.9779
45,67749,6,43821,48,7,1,40.66,29231,0,1,2,657,1.0783,1,0.6468,596.55,0.125,1,1,1,0.8856
23,44224,10,13445,24,9,1,64.92,38650,2,0,0,619,1.178,1,0.304,1546.0,0.1,1,1,1,2.2612
47,77956,6,63910,60,8,2,57.4,18800,4,0,2,577,1.061,1,0.8198,308.2,0.2222,0,1,1,0.7697
28,15000,9,28230,24,3,8,15.62,0,1,0,1,458,1.882,0,1.882,0.0,2.0,0,0,1,6.0
57,39268,12,9166,36,2,4,45.07,24088,2,1,1,550,0.8468,0,0.2334,651.03,1.3333,0,1,1,3.0559
54,21270,4,79036,36,8,8,36.95,8959,7,0,2,370,4.137,0,3.7158,242.14,0.8889,0,1,1,1.8806
66,38475,0,16825,24,5,6,27.42,11366,0,0,2,503,0.7327,0,0.4373,454.64,1.0,0,0,1,0.0
57,59953,15,3265,36,1,5,72.93,24265,0,0,1,528,0.4592,0,0.0545,655.81,2.5,0,1,1,2.502
38,51415,24,8071,12,8,2,30.97,20545,3,0,1,639,0.5566,1,0.157,1580.38,0.2222,1,1,1,4.6679
68,49932,10,37295,48,6,3,54.01,13118,0,2,2,594,1.0096,1,0.7469,267.71,0.4286,1,1,1,2.0027
41,51816,30,10026,48,1,1,92.32,11503,0,0,2,664,0.4155,1,0.1935,234.76,0.5,1,1,1,5.7897
36,59067,12,67727,60,8,5,53.93,19258,1,2,2,528,1.4726,0,1.1466,315.7,0.5556,0,1,1,2.0316
65,34829,31,41970,24,6,2,61.7,13905,0,0,0,656,1.6043,1,1.205,556.2,0.2857,1,1,1,8.9006
39,69136,8,27264,24,6,2,7.32,6907,6,0,0,602,0.4943,1,0.3944,276.28,0.2857,1,0,1,1.1571
24,68253,18,2245,36,8,0,17.81,14674,0,0,2,732,0.2479,1,0.0329,396.59,0.0,2,0,0,2.6372
44,62700,26,39424,48,5,7,10.1,21395,4,2,2,502,0.97,0,0.6288,436.63,1.1667,0,0,1,4.1467
59,66130,2,13801,60,5,9,76.48,16218,5,0,2,332,0.4539,0,0.2087,265.87,1.5,0,1,1,0.3024
30,60928,32,78287,12,6,4,83.59,3864,5,1,2,538,1.3483,0,1.2849,297.23,0.5714,0,1,1,5.2521
43,95701,12,24704,24,2,5,18.65,27890,5,0,1,522,0.5496,0,0.2581,1115.6,1.6667,0,0,1,1.2539
27,53258,17,39040,24,2,9,21.93,0,2,3,1,437,0.733,0,0.733,0.0,3.0,0,0,1,3.192
54,48858,21,3452,24,8,5,32.32,13536,7,0,2,503,0.3477,0,0.0707,541.44,0.5556,0,1,1,4.2982
44,39929,22,12211,36,2,6,59.11,11798,0,1,0,522,0.6013,0,0.3058,318.86,2.0,0,1,1,5.5098
37,34354,0,18183,60,5,4,62.18,19481,0,2,2,533,1.0963,1,0.5293,319.36,0.6667,0,1,1,0.0
32,30110,30,6034,12,3,5,68.68,23616,6,0,2,496,0.9847,0,0.2004,1816.62,1.25,0,1,1,9.9635
48,37224,21,58627,60,3,5,90.52,29267,0,0,2,521,2.3612,0,1.575,479.79,1.25,0,1,1,5.6415
53,53586,34,75742,48,6,7,29.5,10875,1,2,0,532,1.6164,1,1.4135,221.94,1.0,0,0,1,6.3449
67,61685,16,78857,48,8,6,65.88,23865,1,0,2,496,1.6653,0,1.2784,487.04,0.6667,0,1,1,2.5938
42,56022,21,22733,48,4,5,55.97,19958,0,0,0,554,0.762,0,0.4058,407.31,1.0,0,1,1,3.7485
28,39689,15,63522,12,2,0,30.58,884,0,1,0,713,1.6228,1,1.6005,68.0,0.0,2,1,0,3.7794
61,73003,31,41316,48,3,9,90.74,37005,4,0,1,386,1.0728,0,0.5659,755.2,2.25,0,1,1,4.2464
51,69788,29,5576,24,2,8,9.55,3612,5,3,0,473,0.1317,0,0.0799,144.48,2.6667,0,0,1,4.1554
55,51807,31,9074,36,8,1,71.2,22194,0,1,2,680,0.6035,1,0.1752,599.84,0.1111,2,1,1,5.9837
25,41941,17,44727,48,3,2,72.79,21899,7,1,2,549,1.5886,1,1.0664,446.92,0.5,0,1,1,4.0533
36,65968,27,35045,48,4,9,91.53,20756,0,0,0,419,0.8459,0,0.5312,423.59,1.8,0,1,1,4.0929
58,58759,12,2653,24,1,3,51.86,13054,5,1,2,551,0.2673,1,0.0452,522.16,1.5,0,1,1,2.0422
61,26037,16,74548,24,5,8,32.16,26272,6,1,1,406,3.8722,0,2.8632,1050.88,1.3333,0,1,1,6.1451
42,53640,26,58966,36,9,7,82.77,2396,4,0,2,446,1.144,0,1.0993,64.76,0.7,0,1,1,4.8471
60,60240,2,41188,12,4,8,77.08,17341,3,2,2,380,0.9716,0,0.6837,1333.92,1.6,0,1,1,0.332
62,37006,24,78985,48,6,0,50.03,12361,0,1,1,712,2.4684,1,2.1344,252.27,0.0,2,1,0,6.4854
39,58796,0,77748,12,2,4,76.79,11227,1,2,0,518,1.5133,0,1.3223,863.62,1.3333,0,1,1,0.0
65,25903,20,77968,36,2,5,26.79,22287,6,0,0,509,3.8704,0,3.01,602.35,1.6667,0,0,1,7.7211
35,81723,16,22189,48,7,8,58.95,28774,2,0,1,435,0.6236,0,0.2715,587.22,1.0,0,1,1,1.9578
32,79958,16,70709,12,1,2,86.52,14567,0,2,2,615,1.0665,0,0.8843,1120.54,1.0,1,1,1,2.0011
54,49949,17,41354,60,5,3,31.8,25806,5,2,1,573,1.3446,0,0.8279,423.05,0.5,0,1,1,3.4035
52,62269,17,58630,24,3,1,48.35,18497,5,1,1,624,1.2386,0,0.9416,739.88,0.25,1,1,1,2.7301
27,15000,14,69043,12,1,7,95.1,9072,0,0,0,443,5.2077,0,4.6029,697.85,3.5,0,1,1,9.3333
61,31873,15,14739,48,5,9,79.82,15420,0,2,2,399,0.9462,1,0.4624,314.69,1.5,0,1,1,4.7062
30,49124,19,36963,36,9,1,88.7,15005,0,0,0,643,1.0579,0,0.7524,405.54,0.1,1,1,1,3.8678
60,33557,26,12054,48,1,2,38.52,11033,0,1,2,665,0.688,1,0.3592,225.16,1.0,1,1,1,7.748
21,69287,19,23800,48,8,3,99.65,22284,4,1,2,537,0.6651,0,0.3435,454.78,0.3333,0,1,1,2.7422
60,94945,22,34254,36,5,8,15.26,20346,1,0,0,496,0.5751,0,0.3608,549.89,1.3333,0,0,1,2.3171
59,31467,29,68727,60,7,4,51.88,2093,4,0,0,562,2.2506,0,2.1841,34.31,0.5,0,1,1,9.216
59,38250,34,69287,24,1,2,47.93,1484,1,0,1,667,1.8502,0,1.8114,59.36,1.0,1,1,1,8.8889
53,59708,3,32411,36,8,3,79.84,22246,7,3,0,489,0.9154,0,0.5428,601.24,0.3333,0,1,1,0.5024
44,87222,24,27677,12,1,5,90.86,9847,5,1,2,490,0.4302,0,0.3173,757.46,2.5,0,1,1,2.7516
55,30552,7,43396,48,9,3,73.11,21020,2,1,2,547,2.1084,0,1.4204,428.98,0.3,0,1,1,2.2912
34,59980,6,73125,24,6,1,62.68,25809,3,3,0,608,1.6494,1,1.2192,1032.36,0.1429,1,1,1,1.0003
59,91425,27,78169,48,4,8,42.74,5290,0,1,1,497,0.9129,1,0.855,107.96,1.6,0,1,1,2.9532
48,21964,2,19687,60,1,4,51.03,3884,0,1,0,546,1.0732,0,0.8963,63.67,2.0,0,1,1,0.9106
43,29378,29,16545,60,6,2,50.93,34744,4,1,0,616,1.7458,0,0.5632,569.57,0.2857,1,1,1,9.8713
45,46527,26,57128,60,1,7,2.04,21515,0,1,2,545,1.6903,0,1.2278,352.7,3.5,0,0,1,5.5882
48,44588,34,25509,12,6,7,50.3,13807,5,1,2,473,0.8818,0,0.5721,1062.08,1.0,0,1,1,7.6254
22,71252,23,17581,12,7,1,85.6,8660,3,3,2,630,0.3683,1,0.2467,666.15,0.125,1,1,1,3.228
27,59833,30,4423,60,3,0,70.93,12895,1,2,0,702,0.2894,1,0.0739,211.39,0.0,2,1,0,5.014
33,19500,4,33450,24,3,0,79.57,6094,4,1,1,607,2.0279,0,1.7154,243.76,0.0,1,1,0,2.0513
26,65308,31,32563,12,2,7,39.05,26834,4,1,1,488,0.9095,0,0.4986,2064.15,2.3333,0,1,1,4.7467
42,43449,5,45918,24,3,6,52.9,10232,5,2,2,444,1.2923,0,1.0568,409.28,1.5,0,1,1,1.1508
53,80488,11,17614,60,2,7,3.35,28935,1,0,2,509,0.5783,1,0.2188,474.34,2.3333,0,0,1,1.3667
53,42448,4,57720,24,3,6,38.3,13993,4,2,2,463,1.6894,0,1.3598,559.72,1.5,0,1,1,0.9423
44,42267,14,55042,12,6,4,47.44,7566,6,0,0,516,1.4813,0,1.3022,582.0,0.5714,0,1,1,3.3123
62,65822,26,38063,48,3,5,25.52,13736,2,2,1,572,0.787,1,0.5783,280.33,1.25,0,0,1,3.95
48,70258,9,16143,12,8,7,3.12,0,6,2,2,459,0.2298,0,0.2298,0.0,0.7778,0,0,1,1.281
24,63961,28,41542,24,8,3,69.04,16792,5,1,1,570,0.912,0,0.6495,671.68,0.3333,0,1,1,4.3777
58,21288,21,54635,12,7,9,43.51,16298,3,0,2,408,3.3321,0,2.5665,1253.69,1.125,0,1,1,9.8647
49,65760,22,31071,48,5,8,41.57,26247,7,2,1,408,0.8716,0,0.4725,535.65,1.3333,0,1,1,3.3455
52,34313,32,22551,36,3,8,25.0,0,7,1,2,440,0.6572,0,0.6572,0.0,2.0,0,0,1,9.3259
48,59705,15,41507,60,9,9,53.78,29618,1,1,0,412,1.1913,0,0.6952,485.54,0.9,0,1,1,2.5124
48,26525,12,29706,24,2,3,43.8,26205,7,1,2,529,2.1079,1,1.1199,1048.2,1.0,0,1,1,4.524
25,63926,34,33240,24,5,1,47.4,30520,0,1,1,706,0.9974,1,0.52,1220.8,0.1667,2,1,1,5.3186
48,38868,19,29211,12,5,4,58.09,17472,1,1,1,565,1.2011,0,0.7515,1344.0,0.6667,0,1,1,4.8883
59,29347,21,25670,24,7,7,0.63,28138,0,0,1,531,1.8335,0,0.8747,1125.52,0.875,0,0,1,7.1558
35,69276,10,57906,36,5,7,90.77,3287,2,1,0,430,0.8833,0,0.8359,88.84,1.1667,0,1,1,1.4435
50,59832,7,37898,12,8,3,7.11,25130,7,2,2,555,1.0534,1,0.6334,1933.08,0.3333,0,0,1,1.1699
22,42720,5,38387,36,9,2,45.09,10288,4,0,2,580,1.1394,1,0.8986,278.05,0.2,1,1,1,1.1704
38,84023,7,52940,60,4,4,20.74,1485,4,1,2,553,0.6477,1,0.6301,24.34,0.8,0,0,1,0.8331
42,46186,6,30181,48,8,8,52.38,6758,0,1,2,437,0.7998,0,0.6535,137.92,0.8889,0,1,1,1.2991
69,55642,26,9880,48,2,0,28.02,18055,4,2,2,697,0.502,1,0.1776,368.47,0.0,2,0,0,4.6727
31,60378,2,68504,60,9,3,86.0,9757,3,1,1,525,1.2962,0,1.1346,159.95,0.3,0,1,1,0.3312
34,42606,22,6344,48,2,2,39.64,21760,3,2,2,626,0.6596,1,0.1489,444.08,0.6667,1,1,1,5.1636
41,64422,33,46612,48,8,8,63.88,0,2,0,0,467,0.7235,0,0.7235,0.0,0.8889,0,1,1,5.1225
69,44330,26,22734,60,4,4,24.89,0,1,1,2,610,0.5128,0,0.5128,0.0,0.8,1,0,1,5.8651
62,46767,14,18678,12,9,0,1.94,31723,7,3,1,659,1.0777,1,0.3994,2440.23,0.0,1,0,0,2.9936
22,82252,2,5272,60,2,2,40.42,27038,4,2,2,582,0.3928,1,0.0641,443.25,0.6667,1,1,1,0.2432
32,34188,29,72207,24,5,0,53.65,7507,3,1,1,690,2.3316,0,2.1121,300.28,0.0,2,1,0,8.4825
61,15000,0,35478,48,9,4,45.95,17970,0,1,1,542,3.5632,0,2.3652,366.73,0.4,0,1,1,0.0
23,87218,23,28726,60,1,9,96.2,28195,6,1,0,350,0.6526,0,0.3294,462.21,4.5,0,1,1,2.6371
62,105986,23,59815,36,3,5,70.68,22192,3,0,1,526,0.7738,0,0.5644,599.78,1.25,0,1,1,2.1701
34,46894,6,5040,12,1,8,99.57,19482,3,2,1,367,0.5229,0,0.1075,1498.62,4.0,0,1,1,1.2795
65,16263,25,46034,24,3,7,29.51,28951,5,2,0,463,4.6108,0,2.8306,1158.04,1.75,0,0,1,15.3723
35,48790,6,40578,36,4,8,78.91,10692,1,1,0,406,1.0508,0,0.8317,288.97,1.6,0,1,1,1.2298
42,49275,7,45168,60,6,3,55.56,18311,4,0,1,545,1.2883,0,0.9167,300.18,0.4286,0,1,1,1.4206
53,51201,28,11667,60,3,9,61.18,17821,6,1,0,383,0.5759,0,0.2279,292.15,2.25,0,1,1,5.4686
27,32732,34,76298,36,2,2,98.59,15272,3,0,2,602,2.7976,0,2.331,412.76,0.6667,1,1,1,10.3874
48,66591,9,20600,60,2,4,65.4,14101,0,2,0,556,0.5211,0,0.3094,231.16,1.3333,0,1,1,1.3515
45,65490,32,54919,36,9,6,89.88,18728,1,1,1,511,1.1246,0,0.8386,506.16,0.6,0,1,1,4.8862
59,25111,31,60274,36,9,2,72.58,18344,0,0,0,645,3.1308,0,2.4003,495.78,0.2,1,1,1,12.3452
69,68983,26,28830,60,2,2,12.74,7515,4,1,1,654,0.5269,1,0.4179,123.2,0.6667,1,0,1,3.769
53,96053,4,12198,48,2,1,69.94,26017,2,3,1,616,0.3979,1,0.127,530.96,0.3333,1,1,1,0.4164
41,58439,10,25140,36,1,0,48.43,8236,1,0,2,681,0.5711,1,0.4302,222.59,0.0,2,1,0,1.7112
40,48253,23,64941,36,9,5,91.88,15817,5,1,1,478,1.6736,0,1.3458,427.49,0.5,0,1,1,4.7665
41,52159,34,72706,48,7,9,80.68,15047,1,1,1,430,1.6824,0,1.3939,307.08,1.125,0,1,1,6.5185
60,67305,28,75078,48,7,2,10.41,21581,2,0,0,676,1.4361,0,1.1155,440.43,0.25,2,0,1,4.1602
36,20386,14,19652,36,3,4,13.39,0,7,1,1,531,0.964,0,0.964,0.0,1.0,0,0,1,6.8675
29,58287,8,49309,12,6,9,6.96,26909,0,1,1,446,1.3076,0,0.846,2069.92,1.2857,0,0,1,1.3725
37,47190,33,13780,12,1,7,49.32,11230,1,0,2,513,0.53,0,0.292,863.85,3.5,0,1,1,6.993
22,91956,9,57408,12,7,0,8.08,30199,2,0,1,703,0.9527,1,0.6243,2323.0,0.0,2,0,0,0.9787
26,51516,11,34437,36,6,5,72.37,13218,4,2,2,481,0.9251,0,0.6685,357.24,0.7143,0,1,1,2.1353
25,88357,33,57659,48,3,1,55.24,17511,1,1,1,695,0.8508,1,0.6526,357.37,0.25,2,1,1,3.7348
58,32925,19,55439,60,7,2,83.59,37137,7,1,0,540,2.8117,0,1.6838,608.8,0.25,0,1,1,5.7707
56,66745,9,79439,24,6,2,27.98,15226,0,1,0,645,1.4183,0,1.1902,609.04,0.2857,1,0,1,1.3484
55,61388,0,40114,48,4,6,51.91,30388,7,2,0,414,1.1485,0,0.6535,620.16,1.2,0,1,1,0.0
43,37619,15,28639,48,2,1,11.75,18390,4,2,1,654,1.2501,1,0.7613,375.31,0.3333,1,0,1,3.9873
56,58547,34,43086,12,1,2,88.46,22154,0,2,2,644,1.1143,0,0.7359,1704.15,1.0,1,1,1,5.8073
28,79250,15,14702,24,9,2,17.5,18699,0,1,2,668,0.4215,1,0.1855,747.96,0.2,1,0,1,1.8927
65,48524,24,10717,24,3,3,10.24,26478,0,1,1,654,0.7665,0,0.2209,1059.12,0.75,1,0,1,4.946
45,21160,8,42495,60,3,6,20.51,11144,2,1,0,501,2.5349,0,2.0083,182.69,1.5,0,0,1,3.7807
66,54648,27,66381,60,7,3,80.62,8159,2,1,2,588,1.364,0,1.2147,133.75,0.375,1,1,1,4.9407
28,36951,27,43593,60,3,3,10.58,11614,5,1,0,610,1.4941,1,1.1798,190.39,0.75,1,0,1,7.307
45,48153,21,62990,36,4,5,61.44,18997,2,0,1,528,1.7026,0,1.3081,513.43,1.0,0,1,1,4.3611
55,53368,27,15877,36,7,6,74.62,15791,5,1,2,471,0.5934,0,0.2975,426.78,0.75,0,1,1,5.0592
45,20886,20,37052,24,6,0,75.11,25102,2,1,1,659,2.9759,1,1.774,1004.08,0.0,1,1,0,9.5758
42,22686,13,49822,48,6,8,19.01,31047,2,0,0,449,3.5647,0,2.1962,633.61,1.1429,0,0,1,5.7304
29,64641,25,29118,12,1,9,6.16,8241,2,0,0,466,0.5779,0,0.4505,633.92,4.5,0,0,1,3.8675
39,44545,29,3101,24,5,6,44.88,10660,2,2,2,528,0.3089,0,0.0696,426.4,1.0,0,1,1,6.5103
32,15000,29,7728,12,5,5,20.25,3637,6,1,0,534,0.7577,0,0.5152,279.77,0.8333,0,0,1,19.3333
35,70696,7,74358,36,6,6,69.93,38303,1,2,2,474,1.5936,0,1.0518,1035.22,0.8571,0,1,1,0.9902
54,60447,23,49200,24,2,4,35.67,21046,2,1,1,585,1.1621,0,0.8139,841.84,1.3333,1,1,1,3.805
51,40722,0,22636,12,2,3,44.94,22798,7,2,0,507,1.1157,0,0.5559,1753.69,1.0,0,1,1,0.0
50,28663,20,22187,24,7,3,11.35,4597,5,2,0,595,0.9344,1,0.7741,183.88,0.375,1,0,1,6.9776
38,71716,19,5085,60,7,1,56.76,17988,1,0,2,663,0.3217,1,0.0709,294.89,0.125,1,1,1,2.6493
68,61987,12,75692,36,8,8,18.55,23092,6,3,1,416,1.5936,0,1.2211,624.11,0.8889,0,0,1,1.9359
25,102652,34,10443,60,3,3,67.9,15472,1,0,2,631,0.2525,1,0.1017,253.64,0.75,1,1,1,3.3122
37,63403,30,61237,60,9,2,7.12,28757,1,1,1,691,1.4194,1,0.9658,471.43,0.2,2,0,1,4.7316
26,62754,1,20739,60,3,9,97.59,41118,3,2,0,328,0.9857,0,0.3305,674.07,2.25,0,1,1,0.1594
37,51661,7,28178,24,6,5,68.45,8529,5,1,1,467,0.7105,0,0.5454,341.16,0.7143,0,1,1,1.355
68,71335,7,23364,60,2,6,18.17,7779,1,1,1,522,0.4366,0,0.3275,127.52,2.0,0,0,1,0.9813
38,67501,31,66312,60,9,2,1.41,9222,6,1,1,652,1.119,1,0.9824,151.18,0.2,1,0,1,4.5925
65,80034,18,4559,60,3,2,33.45,34061,1,0,2,648,0.4825,1,0.057,558.38,0.5,1,1,1,2.249
45,44573,25,29478,24,8,7,15.28,28423,6,0,2,471,1.299,0,0.6613,1136.92,0.7778,0,0,1,5.6088
55,46291,28,23789,24,3,4,21.84,16644,0,0,2,624,0.8735,1,0.5139,665.76,1.0,1,0,1,6.0487
43,45417,26,23290,36,8,1,87.28,18365,3,0,1,627,0.9172,0,0.5128,496.35,0.1111,1,1,1,5.7247
34,70816,3,17049,60,5,8,60.32,9834,5,1,1,379,0.3796,0,0.2408,161.21,1.3333,0,1,1,0.4236
58,84967,4,73170,60,1,4,17.65,26900,2,1,2,565,1.1778,1,0.8612,440.98,2.0,0,0,1,0.4708
68,45823,13,31532,36,2,6,55.67,14200,4,1,0,467,0.998,0,0.6881,383.78,2.0,0,1,1,2.837
33,46504,11,34620,12,7,3,25.58,15399,5,1,2,567,1.0756,1,0.7445,1184.54,0.375,0,0,1,2.3654
59,61281,26,32043,36,2,5,97.62,24087,5,0,2,481,0.9159,0,0.5229,651.0,1.6667,0,1,1,4.2428
33,50084,5,78456,48,3,7,3.28,16120,3,0,0,474,1.8883,0,1.5665,328.98,1.75,0,0,1,0.9983
56,74041,13,28442,36,5,8,73.23,15650,6,2,2,379,0.5955,0,0.3841,422.97,1.3333,0,1,1,1.7558
59,15000,8,28651,24,3,2,77.3,18105,5,3,2,543,3.1171,0,1.9101,724.2,0.5,0,1,1,5.3333
43,38465,6,27578,24,2,6,6.72,25953,2,1,1,509,1.3917,0,0.717,1038.12,2.0,0,0,1,1.5599
57,39351,6,27503,12,6,9,17.19,34464,5,0,2,379,1.5747,0,0.6989,2651.08,1.2857,0,0,1,1.5247
34,15000,6,8999,24,7,6,38.43,23854,7,2,0,429,2.1902,0,0.5999,954.16,0.75,0,1,1,4.0
24,35727,19,49133,48,7,1,86.82,26033,6,2,0,580,2.1039,0,1.3752,531.29,0.125,1,1,1,5.3181
25,36696,14,3965,24,9,1,53.7,16001,5,1,0,609,0.5441,1,0.108,640.04,0.1,1,1,1,3.8151
42,50977,15,19624,60,2,2,65.53,10922,6,0,1,565,0.5992,0,0.385,179.05,0.6667,0,1,1,2.9425
65,77259,16,17764,12,4,1,78.3,24539,6,0,1,589,0.5475,1,0.2299,1887.62,0.2,1,1,1,2.071
27,50098,25,24736,36,3,7,82.81,19712,2,1,2,459,0.8872,0,0.4938,532.76,1.75,0,1,1,4.9902
43,34383,30,61018,36,9,9,47.63,3773,5,3,0,408,1.8844,0,1.7747,101.97,0.9,0,1,1,8.7252
55,53860,18,48760,60,5,5,50.88,14719,1,1,0,543,1.1786,0,0.9053,241.3,0.8333,0,1,1,3.342
30,75983,22,79283,60,1,5,71.8,17171,2,1,2,528,1.2694,0,1.0434,281.49,2.5,0,1,1,2.8954
56,35480,25,29393,36,7,7,26.33,12895,7,1,0,453,1.1919,0,0.8284,348.51,0.875,0,0,1,7.0462
35,36788,24,74425,48,1,4,85.45,32817,2,2,2,540,2.9151,0,2.0231,669.73,2.0,0,1,1,6.5239
60,66170,4,5503,48,3,4,2.08,22798,6,1,1,535,0.4277,1,0.0832,465.27,1.0,0,0,1,0.6045
49,50569,34,41329,36,7,5,19.58,31731,3,2,2,576,1.4448,0,0.8173,857.59,0.625,0,0,1,6.7235
47,67949,5,64310,12,5,3,80.02,20634,1,1,2,555,1.2501,0,0.9464,1587.23,0.5,0,1,1,0.7358
29,54727,14,43482,36,7,0,34.03,18813,0,1,0,707,1.1383,1,0.7945,508.46,0.0,2,1,0,2.5582
43,69033,22,74798,24,6,5,14.98,8634,4,1,0,554,1.2086,1,1.0835,345.36,0.7143,0,0,1,3.1869
62,34298,14,26537,36,8,8,18.68,18119,3,1,0,446,1.302,0,0.7737,489.7,0.8889,0,0,1,4.0819
21,54758,8,4599,48,6,0,53.08,18130,4,3,2,640,0.4151,1,0.084,370.0,0.0,1,1,0,1.461
58,50786,32,62367,24,1,2,84.62,4328,0,1,2,645,1.3133,1,1.228,173.12,1.0,1,1,1,6.3009
45,30682,2,7304,24,1,2,7.07,12604,2,1,1,621,0.6488,1,0.2381,504.16,1.0,1,0,1,0.6518
56,23730,8,61651,60,7,8,3.05,14767,0,1,0,475,3.2203,0,2.598,242.08,1.0,0,0,1,3.3713
53,68714,34,59206,24,1,5,46.52,22134,2,1,2,570,1.1837,1,0.8616,885.36,2.5,0,1,1,4.948
42,47980,25,67853,12,4,5,95.62,22613,7,1,0,458,1.8855,0,1.4142,1739.46,1.0,0,1,1,5.2105
36,34554,3,39356,48,1,6,27.9,12186,1,2,2,498,1.4916,0,1.139,248.69,3.0,0,0,1,0.8682
51,53076,26,71849,48,3,2,95.92,22688,5,1,2,571,1.7812,0,1.3537,463.02,0.5,0,1,1,4.8986
27,77560,33,15246,60,6,7,88.77,16179,0,1,0,497,0.4052,0,0.1966,265.23,1.0,0,1,1,4.2548
49,15000,3,35879,48,2,0,28.31,0,4,1,1,646,2.3919,1,2.3919,0.0,0.0,1,0,0,2.0
25,25067,14,11503,60,5,1,81.69,13152,7,0,0,565,0.9836,0,0.4589,215.61,0.1667,0,1,1,5.585
52,36542,16,61816,36,9,8,68.59,28789,2,1,1,418,2.4795,0,1.6916,778.08,0.8,0,1,1,4.3785
51,84223,4,57713,24,1,6,51.18,1181,1,1,2,493,0.6993,0,0.6852,47.24,3.0,0,1,1,0.4749
25,60651,7,64899,60,1,1,42.29,19126,4,1,2,618,1.3854,1,1.07,313.54,0.5,1,1,1,1.1541
58,70346,6,61618,24,3,4,81.55,33852,2,2,2,514,1.3571,0,0.8759,1354.08,1.0,0,1,1,0.8529
41,32196,6,26059,24,8,0,79.31,10393,7,2,1,582,1.1322,0,0.8094,415.72,0.0,1,1,0,1.8636
59,32609,14,7309,60,4,6,75.69,18021,6,2,0,430,0.7768,0,0.2241,295.43,1.2,0,1,1,4.2933
23,63956,16,74480,60,6,7,99.83,4959,5,1,2,403,1.2421,0,1.1646,81.3,1.0,0,1,1,2.5017
29,56165,8,40439,24,1,2,47.85,34272,5,1,1,572,1.3302,1,0.72,1370.88,1.0,0,1,1,1.4244
45,65974,10,9358,48,7,3,80.69,17166,4,2,0,535,0.402,0,0.1418,350.33,0.375,0,1,1,1.5157
30,51246,6,74311,60,1,2,86.25,18466,5,1,1,539,1.8104,0,1.4501,302.72,1.0,0,1,1,1.1708
37,60562,27,79552,48,7,3,21.16,31543,3,1,2,622,1.8344,0,1.3136,643.73,0.375,1,0,1,4.4582
53,58162,7,36748,12,2,2,4.21,24614,7,1,2,587,1.055,1,0.6318,1893.38,0.6667,1,0,1,1.2035
28,70555,31,62067,48,8,2,40.47,9243,2,2,0,661,1.0107,1,0.8797,188.63,0.2222,1,1,1,4.3937
54,71140,18,4831,12,3,4,85.67,11527,0,0,2,559,0.2299,1,0.0679,886.69,1.0,0,1,1,2.5302
26,22602,28,9275,60,2,8,28.91,22949,5,1,1,442,1.4257,0,0.4104,376.21,2.6667,0,0,1,12.3883
29,15000,22,23572,12,4,7,70.0,11758,5,0,0,428,2.3553,0,1.5715,904.46,1.4,0,1,1,14.6667
49,75034,9,53185,60,1,2,0.73,0,7,1,0,602,0.7088,0,0.7088,0.0,1.0,1,0,1,1.1995
59,78754,21,12406,12,2,9,35.54,17467,3,1,2,425,0.3793,0,0.1575,1343.62,3.0,0,1,1,2.6665
29,34587,9,4665,36,6,2,61.55,3197,3,1,1,585,0.2273,0,0.1349,86.41,0.2857,1,1,1,2.6021
35,17803,4,54164,24,3,9,12.98,34162,4,1,1,384,4.9613,0,3.0424,1366.48,2.25,0,0,1,2.2468
66,56980,8,62074,60,4,3,89.66,19767,3,2,0,531,1.4363,0,1.0894,324.05,0.6,0,1,1,1.404
69,73616,9,59658,24,8,5,15.63,8948,6,2,2,508,0.9319,0,0.8104,357.92,0.5556,0,0,1,1.2226
49,90951,4,64339,48,2,2,90.98,11013,3,1,2,561,0.8285,0,0.7074,224.76,0.6667,0,1,1,0.4398
42,65325,0,64622,12,4,7,21.64,0,6,3,0,425,0.9892,0,0.9892,0.0,1.4,0,0,1,0.0
37,47565,33,48987,36,2,3,99.43,7005,3,1,2,574,1.1772,1,1.0299,189.32,1.0,0,1,1,6.9379
51,37137,17,42514,60,5,8,60.47,28163,1,2,0,437,1.9031,0,1.1448,461.69,1.3333,0,1,1,4.5776
49,55229,14,68835,60,3,0,8.43,40317,7,0,0,654,1.9764,1,1.2464,660.93,0.0,1,0,0,2.5349
35,49014,32,29146,24,1,5,6.53,25263,4,0,1,573,1.1101,1,0.5946,1010.52,2.5,0,0,1,6.5287
22,34698,7,9634,24,1,1,7.49,17079,5,1,2,631,0.7699,1,0.2777,683.16,0.5,1,0,1,2.0174
28,95975,14,60653,36,8,8,58.99,13680,4,0,0,417,0.7745,0,0.632,369.73,0.8889,0,1,1,1.4587
67,90703,29,23522,36,1,4,80.96,8435,2,1,1,569,0.3523,1,0.2593,227.97,2.0,0,1,1,3.1972
41,77720,22,78350,36,8,6,40.3,38597,7,0,0,469,1.5047,0,1.0081,1043.16,0.6667,0,1,1,2.8307
44,36582,13,34305,12,9,8,44.48,16112,2,1,1,434,1.3782,0,0.9378,1239.38,0.8,0,1,1,3.5537
43,72100,8,68439,48,5,5,58.93,39156,7,0,2,455,1.4923,0,0.9492,799.1,0.8333,0,1,1,1.1096
59,67792,1,5311,24,3,0,53.3,31935,3,0,2,636,0.5494,1,0.0783,1277.4,0.0,1,1,0,0.1475
24,63850,2,53419,24,7,2,68.81,592,0,3,1,601,0.8459,1,0.8366,23.68,0.25,1,1,1,0.3132
25,79993,5,36960,60,9,2,47.18,11340,0,1,2,625,0.6038,1,0.462,185.9,0.2,1,1,1,0.6251
34,67707,27,38082,48,2,9,71.39,11309,7,3,1,368,0.7295,0,0.5625,230.8,3.0,0,1,1,3.9878
44,69800,22,22686,24,9,9,99.73,17201,4,1,0,364,0.5714,0,0.325,688.04,0.9,0,1,1,3.1519
53,67738,15,77753,60,9,4,35.03,17396,3,0,0,562,1.4047,1,1.1478,285.18,0.4,0,1,1,2.2144
45,61815,27,32633,24,2,8,1.22,47962,6,1,2,455,1.3038,0,0.5279,1918.48,2.6667,0,0,1,4.3679
42,19327,5,68337,36,1,2,12.56,7227,4,1,0,602,3.9098,0,3.5358,195.32,1.0,1,0,1,2.5871
66,56672,7,35158,24,7,6,55.35,20289,5,0,2,446,0.9784,0,0.6204,811.56,0.75,0,1,1,1.2352
28,43876,13,5765,12,1,3,34.43,24165,5,2,0,562,0.6821,1,0.1314,1858.85,1.5,0,1,1,2.9629
49,29403,32,70594,36,6,2,94.0,17984,1,1,2,621,3.0125,0,2.4009,486.05,0.2857,1,1,1,10.8832
47,88636,21,16438,36,1,2,62.74,19101,0,2,0,645,0.401,1,0.1855,516.24,1.0,1,1,1,2.3692
44,89579,29,23086,60,7,4,52.04,7551,5,1,2,562,0.342,0,0.2577,123.79,0.5,0,1,1,3.2374
60,82184,8,69166,24,3,3,79.8,19064,0,1,2,574,1.0736,0,0.8416,762.56,0.75,0,1,1,0.9734
34,60104,29,71711,60,1,2,25.86,23113,5,0,0,634,1.5777,0,1.1931,378.9,1.0,1,0,1,4.825
67,82012,2,73506,48,1,3,81.97,21276,1,3,2,550,1.1557,0,0.8963,434.2,1.5,0,1,1,0.2439
37,55241,7,35225,12,2,1,0.31,23702,2,1,2,670,1.0667,1,0.6377,1823.23,0.3333,2,0,1,1.2672
47,59055,18,61043,48,5,9,61.97,32126,5,0,0,371,1.5777,0,1.0337,655.63,1.5,0,1,1,3.048
46,33130,1,27569,36,1,3,93.48,27369,4,0,0,498,1.6583,0,0.8321,739.7,1.5,0,1,1,0.3018
62,62939,30,59750,24,8,1,78.79,18712,6,1,2,615,1.2466,1,0.9493,748.48,0.1111,1,1,1,4.7665
42,56207,30,41195,36,6,5,85.36,6282,4,3,2,511,0.8447,0,0.7329,169.78,0.7143,0,1,1,5.3374
34,28946,18,6052,24,3,8,39.7,11999,0,2,0,467,0.6236,0,0.2091,479.96,2.0,0,1,1,6.2185
22,53976,10,34583,48,9,3,82.42,15803,6,2,2,511,0.9335,0,0.6407,322.51,0.3,0,1,1,1.8527
38,53405,3,38482,36,6,8,55.08,20523,1,3,0,418,1.1049,0,0.7206,554.68,1.1429,0,1,1,0.5617
61,90951,21,22075,36,7,6,61.85,13216,1,2,0,518,0.388,0,0.2427,357.19,0.75,0,1,1,2.3089
21,72884,18,31208,24,2,7,5.89,8642,7,1,1,464,0.5468,0,0.4282,345.68,2.3333,0,0,1,2.4697
64,55228,26,41208,24,7,2,20.16,6118,1,1,0,675,0.8569,1,0.7461,244.72,0.25,2,0,1,4.7078
47,59975,21,5876,36,6,0,55.1,1488,4,0,0,669,0.1228,1,0.098,40.22,0.0,1,1,0,3.5015
27,55884,4,13840,36,9,3,5.88,15650,3,0,1,591,0.5277,1,0.2477,422.97,0.3,1,0,1,0.7158
35,50941,4,61809,24,5,9,74.14,3303,6,1,0,328,1.2782,0,1.2133,132.12,1.5,0,1,1,0.7852
48,33351,27,29450,36,7,7,84.01,7994,0,0,0,481,1.1227,0,0.883,216.05,0.875,0,1,1,8.0957
36,51978,5,49454,24,4,7,92.04,14060,0,3,2,433,1.2219,1,0.9514,562.4,1.4,0,1,1,0.9619
26,40078,32,46131,36,1,8,10.18,4640,3,3,1,492,1.2668,0,1.151,125.41,4.0,0,0,1,7.9844
53,29993,3,44995,12,2,3,93.97,21797,3,1,2,512,2.2269,0,1.5002,1676.69,1.0,0,1,1,1.0002
53,65224,25,34245,36,8,3,6.76,25402,6,2,1,602,0.9145,0,0.525,686.54,0.3333,1,0,1,3.8329
26,62825,34,39698,48,7,9,47.41,12505,4,1,1,430,0.8309,0,0.6319,255.2,1.125,0,1,1,5.4119
34,19265,15,66265,60,4,5,84.03,13629,1,0,0,503,4.1471,0,3.4397,223.43,1.0,0,1,1,7.7861
32,52546,1,77273,48,7,2,7.03,23374,7,1,2,572,1.9154,0,1.4706,477.02,0.25,0,0,1,0.1903
53,74914,30,22024,48,1,2,1.82,10860,3,0,0,681,0.439,1,0.294,221.63,1.0,2,0,1,4.0046
56,76184,6,54218,12,1,8,2.49,10172,7,1,0,413,0.8452,1,0.7117,782.46,4.0,0,0,1,0.7876
56,75516,18,77642,24,5,0,51.13,29964,7,0,2,634,1.4249,0,1.0282,1198.56,0.0,1,1,0,2.3836
66,55778,34,2591,48,6,0,81.16,26841,0,0,2,708,0.5277,1,0.0465,547.78,0.0,2,1,0,6.0956
58,38099,26,63208,60,9,7,12.74,24015,4,0,2,494,2.2894,0,1.659,393.69,0.7,0,0,1,6.8243
36,33326,1,40752,36,7,0,12.46,27256,3,3,0,663,2.0407,1,1.2228,736.65,0.0,1,0,0,0.3001
26,61892,28,77472,60,3,1,56.85,0,3,0,0,662,1.2517,1,1.2517,0.0,0.25,1,1,1,4.524
51,62585,5,47104,24,8,9,23.43,31538,2,1,1,407,1.2566,0,0.7526,1261.52,1.0,0,0,1,0.7989
65,80746,26,67374,12,5,4,73.02,21920,4,1,2,545,1.1059,0,0.8344,1686.15,0.6667,0,1,1,3.22
68,76999,21,14949,12,8,7,94.96,28107,3,1,1,435,0.5592,0,0.1941,2162.08,0.7778,0,1,1,2.7273
32,52355,10,13084,36,2,4,76.6,21871,1,1,0,534,0.6677,0,0.2499,591.11,1.3333,0,1,1,1.91
32,30115,14,74273,48,1,0,87.72,18489,2,0,0,640,3.0803,0,2.4663,377.33,0.0,1,1,0,4.6488
22,48617,4,43063,24,1,1,51.96,15246,1,1,1,633,1.1994,1,0.8858,609.84,0.5,1,1,1,0.8228
27,59344,34,45550,48,9,7,83.23,21671,6,1,2,438,1.1327,0,0.7676,442.27,0.7,0,1,1,5.7293
48,50958,8,15258,48,1,0,18.29,14882,5,1,0,658,0.5915,1,0.2994,303.71,0.0,1,0,0,1.5699
47,43442,10,19684,24,9,5,6.83,26678,3,1,0,537,1.0672,1,0.4531,1067.12,0.5,0,0,1,2.3019
39,60057,17,65821,24,7,3,65.6,2135,3,1,0,573,1.1315,0,1.096,85.4,0.375,0,1,1,2.8306
36,44920,23,25659,48,2,3,5.2,12584,0,1,0,658,0.8514,1,0.5712,256.82,1.0,1,0,1,5.1202
61,42438,17,47564,48,8,9,89.25,38448,2,0,1,373,2.0268,0,1.1208,784.65,1.0,0,1,1,4.0058
43,61229,17,26689,12,2,6,69.16,11739,7,1,0,438,0.6276,0,0.4359,903.0,2.0,0,1,1,2.7765
60,46960,20,22549,24,2,6,95.22,15613,0,0,2,490,0.8126,0,0.4802,624.52,2.0,0,1,1,4.2589
68,59882,30,14949,36,6,3,31.39,9174,1,1,2,645,0.4028,1,0.2496,247.95,0.4286,1,1,1,5.0099
36,60464,13,74508,36,3,3,48.62,21358,6,1,2,544,1.5855,0,1.2323,577.24,0.75,0,1,1,2.15
30,32211,29,75324,12,3,6,74.17,10637,4,0,2,482,2.6687,0,2.3385,818.23,1.5,0,1,1,9.0031
67,45375,27,10984,60,2,0,24.28,16143,0,0,0,740,0.5978,1,0.2421,264.64,0.0,3,0,0,5.9504
52,83755,33,29553,24,6,2,54.18,26488,3,1,0,644,0.6691,1,0.3529,1059.52,0.2857,1,1,1,3.9401
35,31758,31,45981,24,1,6,65.95,11012,5,1,0,483,1.7946,0,1.4479,440.48,3.0,0,1,1,9.7613
51,15000,27,31896,12,3,6,97.88,25886,2,2,2,473,3.8521,0,2.1264,1991.23,1.5,0,1,1,18.0
46,17763,8,58241,60,5,0,74.47,26222,3,3,0,624,4.755,0,3.2788,429.87,0.0,1,1,0,4.5037
65,55582,27,22297,24,5,7,11.81,28549,5,3,1,489,0.9148,0,0.4012,1141.96,1.1667,0,0,1,4.8577
33,55618,25,6590,60,7,5,47.53,19405,4,1,0,529,0.4674,0,0.1185,318.11,0.625,0,1,1,4.4949
69,52647,10,28280,36,2,2,58.88,50412,7,0,0,543,1.4947,0,0.5372,1362.49,0.6667,0,1,1,1.8994
66,79283,23,48632,60,6,7,14.66,28545,1,1,2,524,0.9734,1,0.6134,467.95,1.0,0,0,1,2.901
29,15000,8,16089,12,7,9,43.2,21248,2,1,2,390,2.4891,0,1.0726,1634.46,1.125,0,1,1,5.3333
29,62918,18,65640,12,4,4,28.4,9240,1,1,1,594,1.1901,1,1.0433,710.77,0.8,1,0,1,2.8609
47,86228,27,2955,60,3,2,11.88,17029,5,1,2,648,0.2318,1,0.0343,279.16,0.5,1,0,1,3.1312
23,32444,6,7267,60,5,2,51.2,32263,4,0,0,571,1.2184,1,0.224,528.9,0.3333,0,1,1,1.8493
35,47403,11,41689,36,6,5,16.56,35095,2,0,0,541,1.6198,0,0.8795,948.51,0.7143,0,0,1,2.3205
42,39942,27,41954,12,1,0,59.05,32783,5,0,1,658,1.8711,0,1.0504,2521.77,0.0,1,1,0,6.7598
68,37113,15,25000,60,6,4,16.97,25851,3,0,2,568,1.3702,0,0.6736,423.79,0.5714,0,0,1,4.0417
69,48474,33,22167,24,2,0,72.36,5443,1,3,1,706,0.5696,1,0.4573,217.72,0.0,2,1,0,6.8078
28,83549,0,7445,60,6,0,19.52,22871,4,0,0,656,0.3629,1,0.0891,374.93,0.0,1,0,0,0.0
64,91747,25,53708,60,9,4,89.63,5585,3,1,2,545,0.6463,0,0.5854,91.56,0.4,0,1,1,2.7249
25,48281,28,31564,60,5,7,2.62,3125,3,3,0,522,0.7185,0,0.6538,51.23,1.1667,0,0,1,5.7994
57,93101,32,11256,48,7,8,52.2,20391,3,1,1,466,0.3399,0,0.1209,416.14,1.0,0,1,1,3.4371
62,55711,5,33187,48,3,0,32.01,23231,7,1,2,620,1.0127,1,0.5957,474.1,0.0,1,1,0,0.8975
64,90073,34,75090,36,9,2,22.51,27033,1,1,2,692,1.1338,1,0.8337,730.62,0.2,2,0,1,3.7747
31,53134,13,22376,12,8,4,47.16,22971,2,1,2,554,0.8534,0,0.4211,1767.0,0.4444,0,1,1,2.4466
64,57621,12,71788,24,9,5,84.2,23315,4,1,2,473,1.6505,0,1.2459,932.6,0.5,0,1,1,2.0826
26,62309,12,22181,48,7,9,91.53,8153,0,2,0,391,0.4868,0,0.356,166.39,1.125,0,1,1,1.9259
46,118577,22,16506,60,6,6,30.32,16950,1,2,2,550,0.2821,0,0.1392,277.87,0.8571,0,1,1,1.8553
44,72025,23,22330,36,5,5,15.42,2928,4,2,2,557,0.3507,1,0.31,79.14,0.8333,0,0,1,3.1933
36,40854,16,27214,48,9,0,72.01,0,4,3,1,642,0.6661,1,0.6661,0.0,0.0,1,1,0,3.9164
22,74379,2,11407,12,8,0,58.2,25406,5,1,1,617,0.4949,1,0.1534,1954.31,0.0,1,1,0,0.2689
58,47763,34,47835,36,4,1,20.1,10468,0,2,2,729,1.2207,1,1.0015,282.92,0.2,2,0,1,7.1185
37,45204,7,28008,36,1,6,76.03,26724,6,1,0,416,1.2108,0,0.6196,722.27,3.0,0,1,1,1.5485
53,73172,3,58008,60,1,3,51.89,29083,3,1,1,553,1.1902,0,0.7928,476.77,1.5,0,1,1,0.41
41,55621,20,40297,24,3,2,65.34,11806,1,2,2,626,0.9368,1,0.7245,472.24,0.5,1,1,1,3.5958
39,60571,14,36527,24,1,6,35.93,23903,2,2,2,506,0.9977,0,0.603,956.12,3.0,0,1,1,2.3113
64,55279,21,38737,24,2,8,43.91,11388,1,2,2,465,0.9068,0,0.7008,455.52,2.6667,0,1,1,3.7989
25,61731,30,14190,12,1,4,18.03,0,3,1,2,607,0.2299,1,0.2299,0.0,2.0,1,0,1,4.8598
57,63499,3,57604,36,9,8,75.65,19233,3,1,0,384,1.2101,0,0.9072,519.81,0.8,0,1,1,0.4724
57,16260,9,10123,48,1,7,15.7,13291,3,0,2,466,1.44,0,0.6226,271.24,3.5,0,0,1,5.5351
39,68331,18,58279,60,6,7,77.83,13599,3,1,1,444,1.0519,0,0.8529,222.93,1.0,0,1,1,2.6342
33,35359,27,79981,60,4,8,79.8,37753,7,2,2,379,3.3297,0,2.262,618.9,1.6,0,1,1,7.636
21,26154,21,61591,12,2,1,74.66,2741,7,2,1,586,2.4597,0,2.3549,210.85,0.3333,1,1,1,8.0294
66,53831,13,37517,24,7,7,1.94,21828,3,1,2,490,1.1024,0,0.6969,873.12,0.875,0,0,1,2.415
67,56679,21,26529,24,9,9,27.31,8051,7,1,1,389,0.6101,0,0.4681,322.04,0.9,0,0,1,3.7051
32,41129,34,70057,24,8,9,46.83,27082,6,1,2,403,2.3618,0,1.7033,1083.28,1.0,0,1,1,8.2667
22,71620,16,22060,60,9,5,59.55,20984,6,0,0,484,0.601,0,0.308,344.0,0.5,0,1,1,2.234
27,28156,30,39625,12,6,7,91.92,21793,1,0,0,467,2.1813,0,1.4073,1676.38,1.0,0,1,1,10.6549
24,46861,27,62128,12,7,8,37.56,8551,3,3,1,461,1.5083,0,1.3258,657.77,1.0,0,1,1,5.7617
61,43302,10,73943,60,2,8,87.5,10344,2,1,0,396,1.9465,0,1.7076,169.57,2.6667,0,1,1,2.3094
64,54068,8,73834,60,8,8,16.34,27272,0,3,2,468,1.87,0,1.3656,447.08,0.8889,0,0,1,1.4796
28,60577,26,8845,24,7,8,37.13,35707,0,0,0,487,0.7355,0,0.146,1428.28,1.0,0,1,1,4.2921
57,34842,7,72064,24,3,3,5.23,22803,4,2,1,582,2.7228,0,2.0683,912.12,0.75,1,0,1,2.0091
29,69485,11,10893,36,4,7,74.25,9025,3,1,0,434,0.2867,0,0.1568,243.92,1.4,0,1,1,1.5831
38,56260,8,47589,36,6,4,15.07,21389,6,1,0,530,1.2261,1,0.8459,578.08,0.5714,0,0,1,1.422
50,17161,21,74511,60,1,8,25.7,42274,5,1,2,426,6.8053,0,4.3419,693.02,4.0,0,0,1,12.237
56,15828,10,53074,36,8,8,77.52,19024,0,2,0,417,4.5551,0,3.3532,514.16,0.8889,0,1,1,6.3179
63,54753,23,75904,12,3,9,53.47,32618,6,3,0,377,1.982,0,1.3863,2509.08,2.25,0,1,1,4.2007
23,50580,32,28858,36,1,5,1.4,10596,3,1,0,590,0.78,0,0.5705,286.38,2.5,1,0,1,6.3266
30,52931,29,26547,36,3,4,0.22,17579,4,0,0,604,0.8337,1,0.5015,475.11,1.0,1,0,1,5.4788
34,54440,33,27444,36,8,1,51.07,24195,7,0,2,631,0.9485,1,0.5041,653.92,0.1111,1,1,1,6.0617
36,59511,0,29702,36,3,6,30.5,21973,5,2,0,453,0.8683,0,0.4991,593.86,1.5,0,1,1,0.0
69,73952,15,55258,60,5,5,18.03,10336,0,1,1,578,0.887,0,0.7472,169.44,0.8333,0,0,1,2.0283
59,32777,7,37291,60,8,5,61.36,9904,1,1,2,509,1.4399,0,1.1377,162.36,0.5556,0,1,1,2.1356
36,31560,32,59519,24,1,6,22.84,27882,3,1,1,536,2.7694,0,1.8859,1115.28,3.0,0,0,1,10.1394
68,33133,24,34460,24,7,8,59.22,29915,0,1,1,461,1.9429,0,1.0401,1196.6,1.0,0,1,1,7.2435
45,60778,11,26002,48,3,1,37.93,33121,1,2,0,657,0.9728,1,0.4278,675.94,0.25,1,1,1,1.8099
45,79898,19,16823,36,7,4,18.67,36039,6,2,2,551,0.6616,0,0.2106,974.03,0.5,0,0,1,2.378
42,46373,21,44982,36,2,7,13.81,19346,1,2,1,516,1.3872,0,0.97,522.86,2.3333,0,0,1,4.5285
28,15000,17,72073,12,2,8,23.69,14888,1,2,0,465,5.7974,0,4.8049,1145.23,2.6667,0,0,1,11.3333
66,20920,16,68999,24,8,7,2.98,31509,4,2,2,477,4.8044,0,3.2982,1260.36,0.7778,0,0,1,7.6482
21,38339,1,21757,48,8,7,30.81,25130,0,1,2,469,1.223,0,0.5675,512.86,0.7778,0,1,1,0.2608
29,43845,15,39255,60,9,8,90.2,8175,2,3,2,404,1.0818,0,0.8953,134.02,0.8,0,1,1,3.4211
32,46832,12,57011,48,7,9,83.14,7663,7,0,2,325,1.381,0,1.2174,156.39,1.125,0,1,1,2.5624
34,55771,28,49769,24,5,6,37.2,22919,5,1,0,502,1.3033,1,0.8924,916.76,1.0,0,1,1,5.0205
27,48765,30,7238,12,2,2,57.58,16227,7,2,2,590,0.4812,1,0.1484,1248.23,0.6667,1,1,1,6.152
21,75986,26,48102,12,3,5,56.74,17735,2,1,2,548,0.8664,0,0.633,1364.23,1.25,0,1,1,3.4217
54,41479,1,5022,24,6,7,82.87,28725,4,0,1,388,0.8136,0,0.1211,1149.0,1.0,0,1,1,0.2411
68,37753,29,11086,36,4,1,23.63,25590,1,1,0,701,0.9715,1,0.2936,691.62,0.2,2,0,1,7.6815
26,64577,13,52990,60,5,7,29.64,31298,3,1,0,468,1.3052,0,0.8206,513.08,1.1667,0,0,1,2.0131
35,24287,14,9998,60,2,5,30.18,0,1,3,2,548,0.4117,1,0.4117,0.0,1.6667,0,1,1,5.7644
45,62793,33,28443,12,4,9,4.09,20533,6,1,0,441,0.78,0,0.453,1579.46,1.8,0,0,1,5.2554
66,57051,30,47897,48,3,2,31.47,24946,1,0,0,671,1.2768,1,0.8395,509.1,0.5,2,1,1,5.2585
55,52051,1,53125,24,2,9,87.79,2734,1,1,2,361,1.0732,0,1.0206,109.36,3.0,0,1,1,0.1921
58,86765,12,36767,12,2,4,91.2,11451,3,1,2,516,0.5557,0,0.4238,880.85,1.3333,0,1,1,1.383
49,42555,26,9333,36,5,5,10.96,9595,3,0,0,569,0.4448,1,0.2193,259.32,0.8333,0,0,1,6.1097
41,96205,18,64330,12,4,6,45.81,18216,2,1,2,514,0.858,0,0.6687,1401.23,1.2,0,1,1,1.871
30,50491,9,76088,24,1,5,38.13,34278,2,1,1,520,2.1859,0,1.507,1371.12,2.5,0,1,1,1.7825
63,29459,18,71320,36,5,9,48.94,38225,2,0,2,405,3.7186,0,2.421,1033.11,1.5,0,1,1,6.1102
60,56398,30,60384,24,2,1,55.47,9857,7,1,0,624,1.2455,1,1.0707,394.28,0.3333,1,1,1,5.3193
22,33475,7,33373,36,1,7,2.03,23265,4,1,0,464,1.6919,0,0.997,628.78,3.5,0,0,1,2.0911
56,39964,26,70348,36,2,9,84.22,23587,7,2,2,347,2.3505,0,1.7603,637.49,3.0,0,1,1,6.5059
25,62940,25,40077,48,5,2,97.37,21876,7,1,0,550,0.9843,0,0.6367,446.45,0.3333,0,1,1,3.972
57,66111,30,12644,12,9,2,65.34,21989,5,0,1,606,0.5239,1,0.1913,1691.46,0.2,1,1,1,4.5378
61,42556,10,68342,12,3,4,66.05,21037,6,3,0,491,2.1003,0,1.6059,1618.23,1.0,0,1,1,2.3498
27,74748,7,26972,36,3,7,52.8,34875,0,1,2,469,0.8274,0,0.3608,942.57,1.75,0,1,1,0.9365
42,78150,19,75218,24,3,9,33.43,29024,7,0,2,381,1.3339,0,0.9625,1160.96,2.25,0,1,1,2.4312
27,83726,18,30730,48,4,7,14.9,7398,3,2,2,499,0.4554,0,0.367,150.98,1.4,0,0,1,2.1499
48,65588,14,69812,12,7,7,58.41,25957,5,0,2,429,1.4602,0,1.0644,1996.69,0.875,0,1,1,2.1345
66,82268,27,43899,36,3,4,4.49,26923,1,2,2,631,0.8609,1,0.5336,727.65,1.0,1,0,1,3.282
24,17384,27,38456,60,6,6,82.45,21149,0,2,1,507,3.4287,0,2.2121,346.7,0.8571,0,1,1,15.5315
40,48641,8,25155,12,9,2,42.09,29314,7,3,1,556,1.1198,0,0.5172,2254.92,0.2,0,1,1,1.6447
68,37659,27,67184,24,9,4,41.48,19880,3,3,2,574,2.3119,0,1.784,795.2,0.4,0,1,1,7.1696
35,57384,8,6729,60,6,1,32.72,20004,1,0,2,657,0.4659,1,0.1173,327.93,0.1429,1,1,1,1.3941
27,43571,14,38572,36,7,0,96.94,19212,5,2,2,605,1.3262,1,0.8853,519.24,0.0,1,1,0,3.2131
44,51676,0,30772,12,9,8,17.49,0,0,1,2,456,0.5955,0,0.5955,0.0,0.8,0,0,1,0.0
45,92643,11,44384,24,8,8,15.13,17196,3,1,0,454,0.6647,0,0.4791,687.84,0.8889,0,0,1,1.1874
53,51605,33,21854,48,3,5,16.55,11317,5,1,2,560,0.6428,0,0.4235,230.96,1.25,0,0,1,6.3947
36,63275,15,53838,60,2,0,65.85,6135,5,0,2,638,0.9478,1,0.8509,100.57,0.0,1,1,0,2.3706
67,50354,24,32101,24,2,0,99.19,32340,3,0,2,642,1.2798,0,0.6375,1293.6,0.0,1,1,0,4.7663
46,56514,3,16674,36,8,1,23.55,23042,2,0,2,643,0.7028,1,0.295,622.76,0.1111,1,0,1,0.5308
35,55120,22,17362,48,6,7,90.56,17701,6,0,1,409,0.6361,0,0.315,361.24,1.0,0,1,1,3.9913
68,63966,13,56327,12,3,2,27.86,12351,1,0,2,644,1.0737,0,0.8806,950.08,0.5,1,0,1,2.0323
66,78306,26,22427,24,4,2,64.79,20961,0,3,0,651,0.5541,0,0.2864,838.44,0.4,1,1,1,3.3203
45,87947,32,25965,48,3,8,4.05,27914,1,1,2,522,0.6126,0,0.2952,569.67,2.0,0,0,1,3.6386
22,61192,18,50902,12,8,8,49.57,9730,6,2,0,406,0.9908,0,0.8318,748.46,0.8889,0,1,1,2.9416
50,66790,3,27723,48,6,7,65.46,17951,3,2,0,423,0.6838,0,0.4151,366.35,1.0,0,1,1,0.4492
48,31982,16,32275,36,8,3,53.63,26680,0,2,0,600,1.8434,1,1.0092,721.08,0.3333,1,1,1,5.0028
28,53242,4,21069,60,3,5,23.78,0,1,1,1,539,0.3957,1,0.3957,0.0,1.25,0,0,1,0.7513
52,73805,15,28939,12,5,2,82.85,17424,0,2,0,614,0.6282,1,0.3921,1340.31,0.3333,1,1,1,2.0324
62,72319,2,56036,60,2,8,97.01,13707,6,2,2,338,0.9644,0,0.7748,224.7,2.6667,0,1,1,0.2766
26,59232,22,43644,24,9,0,45.92,16661,3,2,1,685,1.0181,1,0.7368,666.44,0.0,2,1,0,3.7142
56,72727,10,79807,12,5,7,63.59,12983,0,3,2,471,1.2759,0,1.0974,998.69,1.1667,0,1,1,1.375
27,64815,7,62205,48,5,5,79.04,19376,1,1,0,499,1.2587,0,0.9597,395.43,0.8333,0,1,1,1.08
57,79006,0,3312,36,4,7,24.15,37236,4,1,0,439,0.5132,0,0.0419,1006.38,1.4,0,0,1,0.0
41,60787,31,31551,60,3,4,86.45,14760,4,2,2,542,0.7619,0,0.519,241.97,1.0,0,1,1,5.0998
21,47886,29,24608,12,9,1,28.02,20917,6,1,2,650,0.9507,1,0.5139,1609.0,0.1,1,0,1,6.056
68,61716,28,47826,12,5,7,77.58,37947,0,2,1,488,1.3898,0,0.7749,2919.0,1.1667,0,1,1,4.5369
29,15000,2,22721,36,7,6,11.21,12499,0,0,2,515,2.348,0,1.5147,337.81,0.75,0,0,1,1.3333
50,62657,12,77363,60,1,4,28.84,36146,0,0,2,586,1.8116,1,1.2347,592.56,2.0,1,0,1,1.9152
29,15000,33,25351,36,3,3,53.36,18053,3,1,1,602,2.8936,0,1.6901,487.92,0.75,1,1,1,22.0
66,20530,20,42714,48,8,3,52.49,35818,5,0,2,554,3.8252,0,2.0806,730.98,0.3333,0,1,1,9.7418
57,64035,4,11587,60,1,4,85.04,25502,5,3,2,477,0.5792,0,0.1809,418.07,2.0,0,1,1,0.6247
60,64550,4,72964,60,1,2,99.61,21071,1,0,2,567,1.4568,1,1.1303,345.43,1.0,0,1,1,0.6197
42,31751,9,73124,36,8,2,10.72,17343,5,2,1,602,2.8493,0,2.303,468.73,0.2222,1,0,1,2.8346
43,40757,34,63906,48,3,2,27.14,11759,5,0,0,642,1.8565,1,1.568,239.98,0.5,1,0,1,8.3421
52,82410,5,29427,36,3,0,35.76,18757,1,3,0,684,0.5847,1,0.3571,506.95,0.0,2,1,0,0.6067
59,45319,31,6580,48,6,9,47.89,26973,5,1,2,407,0.7404,0,0.1452,550.47,1.2857,0,1,1,6.8404
62,99858,23,57455,36,2,2,49.39,17868,3,0,2,632,0.7543,1,0.5754,482.92,0.6667,1,1,1,2.3033
21,54961,32,35469,36,1,1,85.62,14833,0,0,0,673,0.9152,1,0.6453,400.89,0.5,2,1,1,5.8223
53,63160,28,79249,36,1,1,77.06,15492,3,1,2,643,1.5,1,1.2547,418.7,0.5,1,1,1,4.4332
26,87337,11,56468,48,1,9,1.89,27924,6,3,0,402,0.9663,0,0.6466,569.88,4.5,0,0,1,1.2595
35,57620,28,44013,48,2,4,45.5,30251,5,3,0,555,1.2889,1,0.7638,617.37,1.3333,0,1,1,4.8594
61,34953,5,78963,60,7,3,61.81,11328,2,1,2,555,2.5832,0,2.2591,185.7,0.375,0,1,1,1.4305
33,52805,10,64436,48,3,4,46.04,11314,6,1,1,511,1.4345,0,1.2203,230.9,1.0,0,1,1,1.8938
60,54287,7,37753,12,1,0,13.06,21793,3,0,0,680,1.0969,1,0.6954,1676.38,0.0,2,0,0,1.2894
43,27705,4,3470,36,1,3,39.75,33275,3,1,1,555,1.3263,0,0.1252,899.32,1.5,0,1,1,1.4438
32,49883,3,9237,24,5,2,41.17,29459,0,1,1,617,0.7757,1,0.1852,1178.36,0.3333,1,1,1,0.6014
37,40156,6,36609,12,8,8,18.77,5481,7,0,2,393,1.0482,0,0.9117,421.62,0.8889,0,0,1,1.4942
47,73487,4,45836,12,4,0,75.63,15359,6,1,2,599,0.8327,0,0.6237,1181.46,0.0,1,1,0,0.5443
58,55692,13,4351,36,1,4,32.14,8693,1,2,1,579,0.2342,0,0.0781,234.95,2.0,0,1,1,2.3343
50,49344,2,11871,60,3,7,58.9,15324,4,0,1,413,0.5511,0,0.2406,251.21,1.75,0,1,1,0.4053
66,52876,2,56935,36,5,8,51.57,34044,6,0,1,366,1.7206,0,1.0768,920.11,1.3333,0,1,1,0.3782
63,59462,34,60618,36,2,5,87.74,3773,4,0,1,518,1.0829,0,1.0194,101.97,1.6667,0,1,1,5.7179
57,67336,3,4325,12,9,2,12.2,1811,1,0,0,639,0.0911,1,0.0642,139.31,0.2,1,0,1,0.4455
50,35005,2,41598,48,7,3,11.43,9714,7,0,0,539,1.4658,0,1.1883,198.24,0.375,0,0,1,0.5713
35,34168,1,8316,12,4,2,30.03,20873,2,1,2,600,0.8543,1,0.2434,1605.62,0.4,1,1,1,0.2927
41,77093,4,58427,60,9,6,43.12,24207,2,0,1,484,1.0719,1,0.7579,396.84,0.6,0,1,1,0.5189
26,46753,18,67057,60,3,2,29.85,22374,2,2,1,636,1.9128,1,1.4343,366.79,0.5,1,0,1,3.85
39,26663,28,69810,60,2,6,76.32,29756,7,2,0,444,3.7342,0,2.6182,487.8,2.0,0,1,1,10.5014
66,63876,25,48657,24,9,6,24.53,369,4,3,2,523,0.7675,0,0.7617,14.76,0.6,0,0,1,3.9138
41,64267,20,51057,12,9,9,8.48,29883,5,1,0,420,1.2594,0,0.7945,2298.69,0.9,0,0,1,3.112
26,24385,2,74274,24,3,3,41.38,14879,7,0,1,512,3.6561,0,3.0459,595.16,0.75,0,1,1,0.8202
52,59589,27,49770,48,6,9,77.34,25314,7,0,2,358,1.26,0,0.8352,516.61,1.2857,0,1,1,4.531
68,69711,1,36809,24,2,4,85.06,4765,6,0,1,466,0.5964,0,0.528,190.6,1.3333,0,1,1,0.1434
63,62487,22,60856,60,6,6,73.33,18049,7,3,2,444,1.2627,0,0.9739,295.89,0.8571,0,1,1,3.5207
34,67639,14,48085,12,7,6,55.79,20362,7,3,0,442,1.0119,0,0.7109,1566.31,0.75,0,1,1,2.0698
43,26914,30,67711,12,7,8,72.42,29557,7,1,2,391,3.614,0,2.5158,2273.62,1.0,0,1,1,11.1466
47,61620,10,42926,24,6,4,68.14,2147,5,1,2,507,0.7315,0,0.6966,85.88,0.5714,0,1,1,1.6228
33,48947,22,69786,48,7,7,23.44,18307,1,1,1,511,1.7998,1,1.4257,373.61,0.875,0,0,1,4.4947
34,45344,15,5499,48,5,3,55.08,7147,0,0,2,603,0.2789,1,0.1213,145.86,0.5,1,1,1,3.308
32,72411,18,4841,24,8,4,77.06,23054,6,3,1,504,0.3852,0,0.0669,922.16,0.4444,0,1,1,2.4858
69,84585,32,9725,48,2,4,31.71,25772,2,0,2,610,0.4197,1,0.115,525.96,1.3333,1,1,1,3.7832
57,90887,24,45382,48,5,7,65.4,30871,6,1,2,437,0.839,0,0.4993,630.02,1.1667,0,1,1,2.6406
62,81296,14,57300,36,4,6,48.15,12649,7,1,2,453,0.8604,0,0.7048,341.86,1.2,0,1,1,1.7221
61,52805,15,18869,36,5,0,50.32,27272,5,0,2,644,0.8738,1,0.3573,737.08,0.0,1,1,0,2.8406
67,62054,24,14148,12,2,8,9.01,31609,6,1,1,446,0.7374,1,0.228,2431.46,2.6667,0,0,1,3.8676
26,70336,12,69106,24,3,7,66.62,1567,2,2,1,454,1.0048,0,0.9825,62.68,1.75,0,1,1,1.7061
64,57423,5,60542,36,9,1,86.57,24123,3,0,0,587,1.4744,1,1.0543,651.97,0.1,1,1,1,0.8707
24,57615,16,52575,12,1,9,14.14,27585,7,1,2,386,1.3913,0,0.9125,2121.92,4.5,0,0,1,2.7771
44,71475,2,40092,36,6,6,36.61,15412,6,1,2,445,0.7766,0,0.5609,416.54,0.8571,0,1,1,0.2798
50,53814,5,34777,12,6,0,4.87,5892,1,0,2,705,0.7557,1,0.6462,453.23,0.0,2,0,0,0.9291
38,40414,14,3601,48,5,4,2.96,27429,7,0,0,538,0.7678,1,0.0891,559.78,0.6667,0,0,1,3.4641
28,46710,27,16672,12,1,8,98.97,6004,3,0,1,412,0.4855,0,0.3569,461.85,4.0,0,1,1,5.7803
30,67678,27,71965,12,1,2,49.35,16216,6,0,2,604,1.3029,1,1.0633,1247.38,1.0,1,1,1,3.9895
61,55059,9,28443,48,3,9,35.55,17598,4,1,2,387,0.8362,0,0.5166,359.14,2.25,0,1,1,1.6346
36,61804,14,56954,24,1,4,27.49,25155,4,2,0,553,1.3285,0,0.9215,1006.2,2.0,0,0,1,2.2652
36,68401,5,56894,24,1,2,98.0,11733,1,2,0,572,1.0033,0,0.8318,469.32,1.0,0,1,1,0.731
66,47503,26,26134,24,2,3,25.23,11154,2,3,1,629,0.785,1,0.5502,446.16,1.0,1,0,1,5.4733
28,70124,8,17940,24,2,5,72.57,18989,5,1,0,468,0.5266,0,0.2558,759.56,1.6667,0,1,1,1.1408
65,62576,27,55950,48,8,6,28.38,28063,6,2,2,498,1.3426,0,0.8941,572.71,0.6667,0,0,1,4.3148
66,30303,29,9299,48,6,9,7.05,40874,0,1,1,480,1.6557,0,0.3069,834.16,1.2857,0,0,1,9.57
50,83846,24,40596,24,1,1,68.33,2925,0,0,1,679,0.5191,1,0.4842,117.0,0.5,2,1,1,2.8624
29,44985,11,71266,48,6,9,0.16,21153,5,1,0,406,2.0544,0,1.5842,431.69,1.2857,0,0,1,2.4453
28,21898,33,57483,48,2,5,67.57,7134,3,1,1,534,2.9508,0,2.625,145.59,1.6667,0,1,1,15.0699
34,34099,24,61608,36,4,1,25.04,28188,6,2,2,639,2.6334,0,1.8067,761.84,0.2,1,0,1,7.0383
49,34579,22,8494,36,1,9,74.61,8614,0,1,1,419,0.4948,0,0.2456,232.81,4.5,0,1,1,6.3622
28,56043,29,17584,60,1,3,76.98,11253,2,0,0,595,0.5146,1,0.3138,184.48,1.5,1,1,1,5.1746
43,49522,30,23457,36,2,6,72.41,12107,0,3,0,529,0.7181,0,0.4737,327.22,2.0,0,1,1,6.0579
26,48263,2,24800,24,4,6,2.45,17238,5,0,2,478,0.871,0,0.5139,689.52,1.2,0,0,1,0.4144
47,67394,30,17138,36,5,0,70.37,21231,6,3,2,652,0.5693,1,0.2543,573.81,0.0,1,1,0,4.4514
22,61797,26,77821,60,4,2,99.01,22837,1,2,0,610,1.6288,0,1.2593,374.38,0.4,1,1,1,4.2073
55,61320,7,14866,48,6,6,24.26,17942,2,2,2,503,0.535,0,0.2424,366.16,0.8571,0,0,1,1.1416
23,63196,10,57238,12,7,3,27.42,4701,6,2,0,559,0.9801,0,0.9057,361.62,0.375,0,0,1,1.5824
30,67322,26,47766,36,7,0,81.35,25277,0,0,1,695,1.085,0,0.7095,683.16,0.0,2,1,0,3.862
29,15000,7,49620,48,6,0,16.04,17470,7,1,0,630,4.4727,0,3.308,356.53,0.0,1,0,0,4.6667
61,47711,15,18742,24,5,8,66.06,29617,7,2,2,370,1.0136,0,0.3928,1184.68,1.3333,0,1,1,3.1439
23,15000,24,25995,60,5,1,75.5,10922,1,2,2,648,2.4611,0,1.733,179.05,0.1667,1,1,1,16.0
42,55721,22,49306,60,3,1,3.72,1977,1,0,0,711,0.9204,1,0.8849,32.41,0.25,2,0,1,3.9482
49,54907,31,25331,60,5,5,55.38,17659,5,0,1,525,0.783,0,0.4613,289.49,0.8333,0,1,1,5.6459
46,75910,3,56140,12,1,1,57.59,30959,0,1,0,638,1.1474,1,0.7396,2381.46,0.5,1,1,1,0.3952
54,78752,10,5082,36,9,6,30.34,19609,4,1,0,487,0.3135,1,0.0645,529.97,0.6,0,1,1,1.2698
60,59055,34,7680,36,4,5,87.63,16003,0,1,0,556,0.401,0,0.13,432.51,1.0,0,1,1,5.7573
40,44992,19,58821,48,7,6,16.27,9296,4,2,0,512,1.514,0,1.3074,189.71,0.75,0,0,1,4.223
61,64703,8,50107,60,9,4,36.42,35577,2,2,2,552,1.3243,0,0.7744,583.23,0.4,0,1,1,1.2364
36,44441,10,5367,24,5,7,84.87,7703,5,1,0,399,0.2941,0,0.1208,308.12,1.1667,0,1,1,2.2502
69,54972,11,72125,36,8,6,19.06,10746,7,0,2,465,1.5075,0,1.312,290.43,0.6667,0,0,1,2.001
45,74722,19,2378,48,5,4,82.14,23700,3,1,0,532,0.349,0,0.0318,483.67,0.6667,0,1,1,2.5428
57,43844,9,76533,48,2,0,7.91,0,5,1,1,670,1.7456,1,1.7456,0.0,0.0,2,0,0,2.0527
63,71113,21,58900,48,1,2,48.92,30745,4,0,1,610,1.2606,1,0.8283,627.45,1.0,1,1,1,2.953
59,68548,15,79074,24,2,1,7.53,24241,7,0,2,632,1.5072,1,1.1536,969.64,0.3333,1,0,1,2.1882
62,35904,21,76012,60,9,0,67.79,26992,1,1,0,679,2.8689,0,2.1171,442.49,0.0,2,1,0,5.8489
47,74477,5,26423,12,5,2,79.06,23581,1,0,0,586,0.6714,1,0.3548,1813.92,0.3333,1,1,1,0.6713
23,68971,21,61007,36,3,2,84.99,16388,3,1,2,594,1.1221,0,0.8845,442.92,0.5,1,1,1,3.0448
45,57038,32,18451,48,5,0,98.13,7368,5,0,2,645,0.4527,1,0.3235,150.37,0.0,1,1,0,5.6103
29,39753,4,38787,12,3,3,67.2,16599,6,0,2,508,1.3933,0,0.9757,1276.85,0.75,0,1,1,1.0062
64,37815,11,20728,36,8,5,76.91,8247,2,0,0,496,0.7662,0,0.5481,222.89,0.5556,0,1,1,2.9089
32,44246,24,39911,36,9,1,50.58,22861,0,1,0,681,1.4187,0,0.902,617.86,0.1,2,1,1,5.4242
32,65851,21,70042,48,1,2,91.27,26067,4,1,2,576,1.4595,0,1.0636,531.98,1.0,0,1,1,3.189
33,35887,23,36018,12,7,0,64.38,32768,4,1,2,655,1.9167,1,1.0037,2520.62,0.0,1,1,0,6.409
52,63750,19,9206,24,4,0,88.36,21717,2,0,2,655,0.4851,1,0.1444,868.68,0.0,1,1,0,2.9804
48,30164,23,27322,24,1,1,23.55,27245,1,3,0,687,1.809,1,0.9058,1089.8,0.5,2,0,1,7.625
67,50918,21,63348,48,9,4,49.67,15028,6,1,0,529,1.5393,0,1.2441,306.69,0.4,0,1,1,4.1243
41,57192,2,42693,24,1,6,72.98,13217,6,1,2,414,0.9776,0,0.7465,528.68,3.0,0,1,1,0.3497
34,103902,26,45694,36,2,7,20.27,22736,5,1,2,492,0.6586,0,0.4398,614.49,2.3333,0,0,1,2.5024
23,27453,15,35629,48,1,6,21.13,14135,4,2,0,495,1.8127,0,1.2978,288.47,3.0,0,0,1,5.4639
21,84440,1,24836,48,5,6,97.8,20691,2,2,2,436,0.5392,0,0.2941,422.27,1.0,0,1,1,0.1184
39,57996,14,48657,12,6,9,43.46,7388,3,1,1,403,0.9664,0,0.839,568.31,1.2857,0,1,1,2.414
66,63223,15,51380,60,3,2,18.18,9183,0,1,0,666,0.9579,1,0.8127,150.54,0.5,1,0,1,2.3726
46,57366,3,72053,12,1,7,33.15,24354,1,0,1,466,1.6806,0,1.256,1873.38,3.5,0,1,1,0.523
64,63894,34,50186,12,2,9,39.74,26866,3,1,2,443,1.2059,0,0.7855,2066.62,3.0,0,1,1,5.3213
25,51926,7,79610,12,9,5,62.31,8143,3,1,1,492,1.69,0,1.5331,626.38,0.5,0,1,1,1.3481
25,84081,11,66473,24,8,8,92.3,24706,0,0,1,420,1.0844,0,0.7906,988.24,0.8889,0,1,1,1.3083
61,45870,15,8141,60,9,1,98.66,12672,7,3,2,557,0.4537,1,0.1775,207.74,0.1,0,1,1,3.2701
26,77644,29,32589,24,5,8,65.17,18165,2,2,0,457,0.6537,0,0.4197,726.6,1.3333,0,1,1,3.735
23,42112,26,32005,48,5,5,69.99,32169,4,0,2,507,1.5239,0,0.76,656.51,0.8333,0,1,1,6.174
40,53794,26,2235,36,8,2,32.18,26074,3,3,1,641,0.5262,1,0.0415,704.7,0.2222,1,1,1,4.8333
66,33560,8,16095,12,6,0,85.72,25958,3,1,1,618,1.2531,0,0.4796,1996.77,0.0,1,1,0,2.3838
54,64100,29,61450,36,4,7,21.78,37087,6,1,2,475,1.5372,0,0.9587,1002.35,1.4,0,0,1,4.5242
25,83902,29,29465,12,3,4,10.64,10961,5,2,2,594,0.4818,1,0.3512,843.15,1.0,1,0,1,3.4564
62,53452,16,13534,36,5,3,97.33,8141,6,1,1,513,0.4055,0,0.2532,220.03,0.5,0,1,1,2.9933
62,51062,19,24422,36,1,3,86.41,10778,3,1,2,556,0.6894,0,0.4783,291.3,1.5,0,1,1,3.721
60,32707,1,23426,36,2,9,30.36,15454,2,1,2,391,1.1887,0,0.7162,417.68,3.0,0,1,1,0.3057
65,50414,26,15613,24,7,4,67.52,0,3,0,2,558,0.3097,0,0.3097,0.0,0.5,0,1,1,5.1573
32,23144,33,9892,48,8,0,46.7,15925,4,1,2,690,1.1155,1,0.4274,325.0,0.0,2,1,0,14.2586
68,36742,16,61597,36,1,2,32.31,12554,2,1,0,630,2.0182,0,1.6765,339.3,1.0,1,1,1,4.3547
36,59535,18,66312,24,1,1,28.68,25837,3,1,1,659,1.5478,1,1.1138,1033.48,0.5,1,0,1,3.0234
60,81380,17,40710,36,1,6,13.6,21524,1,0,1,545,0.7647,1,0.5002,581.73,3.0,0,0,1,2.089
49,111184,2,50006,12,8,8,54.93,11993,4,0,0,399,0.5576,0,0.4498,922.54,0.8889,0,1,1,0.1799
59,43268,21,73701,60,3,8,44.66,23899,5,2,2,420,2.2557,0,1.7034,391.79,2.0,0,1,1,4.8535
51,83706,25,67727,48,3,6,51.22,25232,4,0,0,500,1.1105,0,0.8091,514.94,1.5,0,1,1,2.9866
52,59875,32,4542,24,1,7,21.54,10314,6,1,0,486,0.2481,0,0.0759,412.56,3.5,0,0,1,5.3445
51,51975,32,76330,48,9,4,93.86,13069,7,2,0,506,1.72,0,1.4686,266.71,0.4,0,1,1,6.1568
59,63651,17,7224,48,4,6,63.86,0,7,2,0,445,0.1135,0,0.1135,0.0,1.2,0,1,1,2.6708
57,56238,33,4072,48,8,1,89.96,7093,0,0,0,673,0.1985,1,0.0724,144.76,0.1111,2,1,1,5.8679
27,57207,18,33455,12,7,5,10.93,10575,7,2,2,516,0.7697,0,0.5848,813.46,0.625,0,0,1,3.1465
61,46833,22,60176,60,2,5,62.29,18741,2,2,1,529,1.6851,0,1.2849,307.23,1.6667,0,1,1,4.6975
47,27037,21,8261,60,8,0,84.95,8546,3,1,0,647,0.6216,0,0.3055,140.1,0.0,1,1,0,7.7671
36,24127,34,24853,60,5,5,33.09,12865,3,2,0,563,1.5633,0,1.0301,210.9,0.8333,0,1,1,14.0921
46,68064,25,22492,60,6,7,19.51,5746,2,2,2,516,0.4149,0,0.3305,94.2,1.0,0,0,1,3.673
68,49465,4,32995,60,2,3,26.5,19711,7,1,0,532,1.0655,0,0.667,323.13,1.0,0,0,1,0.8087
63,43078,2,78910,48,8,5,27.29,22257,5,1,1,486,2.3485,0,1.8318,454.22,0.5556,0,0,1,0.4643
61,55170,14,27850,12,9,2,44.72,22023,7,2,1,568,0.904,0,0.5048,1694.08,0.2,0,1,1,2.5376
43,70898,18,18298,36,4,2,32.6,18123,7,3,1,590,0.5137,1,0.2581,489.81,0.4,1,1,1,2.5389
59,58607,23,11540,24,1,1,27.13,2589,3,1,2,675,0.2411,1,0.1969,103.56,0.5,2,0,1,3.9244
39,41878,16,17453,24,8,3,64.85,11800,5,2,2,546,0.6985,0,0.4168,472.0,0.3333,0,1,1,3.8206
54,79525,18,12384,60,8,8,5.3,13926,4,2,2,464,0.3308,1,0.1557,228.3,0.8889,0,0,1,2.2634
52,86583,32,46743,60,5,9,34.04,13967,3,2,2,451,0.7012,0,0.5399,228.97,1.5,0,1,1,3.6959
33,64891,11,34799,36,6,6,68.98,18749,5,3,0,446,0.8252,0,0.5363,506.73,0.8571,0,1,1,1.6952
34,74473,17,40843,48,3,6,17.58,32255,5,0,0,498,0.9815,0,0.5484,658.27,1.5,0,0,1,2.2827
23,79839,19,66907,12,1,6,22.09,26120,7,0,0,481,1.1652,0,0.838,2009.23,3.0,0,0,1,2.3798
27,77601,16,47274,24,9,4,20.07,8124,6,1,1,549,0.7139,0,0.6092,324.96,0.4,0,0,1,2.0618
42,67281,33,14103,60,5,4,0.09,24784,4,1,1,614,0.578,1,0.2096,406.3,0.6667,1,0,1,4.9048
44,66966,33,31385,36,3,6,47.38,24403,7,1,0,486,0.8331,0,0.4687,659.54,1.5,0,1,1,4.9279
29,65393,17,26381,36,7,7,3.9,9939,0,2,0,531,0.5554,1,0.4034,268.62,0.875,0,0,1,2.5997
41,33053,15,66487,36,1,4,27.29,26488,6,3,1,529,2.8129,0,2.0115,715.89,2.0,0,0,1,4.5382
50,69014,20,25947,24,1,5,99.48,16396,3,1,2,490,0.6135,0,0.376,655.84,2.5,0,1,1,2.898
32,27883,6,12809,60,3,4,91.84,3900,3,2,2,493,0.5993,0,0.4594,63.93,1.0,0,1,1,2.1518
37,39108,14,59408,48,5,2,21.51,22552,6,0,2,594,2.0957,0,1.5191,460.24,0.3333,1,0,1,3.5798
39,81071,7,35414,48,4,2,31.0,20169,2,1,0,621,0.6856,1,0.4368,411.61,0.4,1,1,1,0.8634
45,71804,5,9477,24,2,0,46.37,15723,7,0,1,614,0.351,1,0.132,628.92,0.0,1,1,0,0.6963
38,84747,3,55801,48,4,4,84.44,17625,3,1,2,501,0.8664,0,0.6584,359.69,0.8,0,1,1,0.354
57,49566,20,18419,60,4,7,80.26,10809,2,1,2,453,0.5897,0,0.3716,177.2,1.4,0,1,1,4.035
37,31955,0,69722,48,5,6,12.62,24101,2,2,1,491,2.9361,0,2.1819,491.86,1.0,0,0,1,0.0
42,50191,22,66931,36,6,9,12.44,17565,3,1,1,440,1.6835,0,1.3335,474.73,1.2857,0,0,1,4.3833
39,57040,15,30826,24,8,0,41.67,19664,7,1,0,634,0.8852,1,0.5404,786.56,0.0,1,1,0,2.6297
29,56579,12,45336,36,8,7,87.01,21571,0,0,2,451,1.1825,1,0.8013,583.0,0.7778,0,1,1,2.1209
54,77673,26,46284,24,3,7,88.21,6454,4,0,2,445,0.679,0,0.5959,258.16,1.75,0,1,1,3.3474
32,47774,18,52967,48,9,4,10.74,9057,6,3,1,555,1.2983,0,1.1087,184.84,0.4,0,0,1,3.7677
35,62040,25,7392,12,5,2,57.43,0,3,3,1,626,0.1191,1,0.1191,0.0,0.3333,1,1,1,4.0297
59,35227,24,27338,12,2,3,15.57,23647,4,1,1,607,1.4473,0,0.7761,1819.0,1.0,1,0,1,6.813
67,64006,1,15284,48,4,6,68.61,5877,2,0,0,458,0.3306,0,0.2388,119.94,1.2,0,1,1,0.1562
53,55062,7,56404,24,7,8,91.64,19325,1,1,2,397,1.3753,0,1.0244,773.0,1.0,0,1,1,1.2713
65,40003,19,7392,36,8,6,45.48,21709,5,1,1,475,0.7275,0,0.1848,586.73,0.6667,0,1,1,4.7496
62,50283,34,42322,36,4,5,8.31,24023,7,1,0,546,1.3194,1,0.8417,649.27,1.0,0,0,1,6.7617
44,51316,5,58774,36,2,6,57.93,5959,4,0,1,452,1.2615,0,1.1453,161.05,2.0,0,1,1,0.9744
58,49596,3,75973,48,2,0,40.85,17348,3,1,2,649,1.8816,1,1.5318,354.04,0.0,1,1,0,0.6049
37,90426,32,24468,24,1,6,81.09,34702,1,0,1,520,0.6543,0,0.2706,1388.08,3.0,0,1,1,3.5388
43,53031,33,2621,48,7,0,34.03,35143,7,1,1,672,0.7121,1,0.0494,717.2,0.0,2,1,0,6.2228
47,50122,5,58452,24,5,9,87.49,27873,6,0,2,314,1.7223,0,1.1662,1114.92,1.5,0,1,1,0.9976
68,15000,14,2120,24,5,8,27.37,21374,7,1,2,394,1.5663,0,0.1413,854.96,1.3333,0,0,1,9.3333
62,37115,21,7179,36,7,5,15.75,7948,2,1,2,565,0.4076,1,0.1934,214.81,0.625,0,0,1,5.6581
44,49738,6,79258,60,8,3,30.65,25186,5,0,2,552,2.0999,0,1.5935,412.89,0.3333,0,1,1,1.2063
52,41282,11,69278,24,8,7,3.49,16419,3,1,0,484,2.0759,0,1.6782,656.76,0.7778,0,0,1,2.6646
30,82634,13,57188,36,2,6,28.12,23605,1,1,2,525,0.9777,0,0.6921,637.97,2.0,0,0,1,1.5732
60,51701,22,67171,12,6,7,66.01,11671,1,2,2,479,1.525,0,1.2992,897.77,1.0,0,1,1,4.2552
48,80768,10,7877,12,8,5,14.23,16270,3,3,1,541,0.299,0,0.0975,1251.54,0.5556,0,0,1,1.2381
47,56234,14,8936,48,7,2,11.14,19641,4,0,2,626,0.5082,1,0.1589,400.84,0.25,1,0,1,2.4896
58,55744,10,25464,48,3,0,13.24,20462,0,2,0,716,0.8239,1,0.4568,417.59,0.0,2,0,0,1.7939
52,53224,26,3853,24,4,2,7.76,22937,5,2,1,641,0.5033,1,0.0724,917.48,0.4,1,0,1,4.885
24,55075,5,71288,48,9,5,87.46,12208,3,1,0,468,1.516,0,1.2944,249.14,0.5,0,1,1,0.9079
35,89375,8,6390,24,1,4,94.41,4567,7,1,0,467,0.1226,0,0.0715,182.68,2.0,0,1,1,0.8951
29,15000,8,44435,24,5,5,4.66,34247,2,1,2,538,5.2455,0,2.9623,1369.88,0.8333,0,0,1,5.3333
57,15000,31,68583,36,2,2,76.01,42892,0,0,0,635,7.4317,0,4.5722,1159.24,0.6667,1,1,1,20.6667
22,44136,33,59328,24,9,9,73.72,22474,2,3,1,421,1.8534,0,1.3442,898.96,0.9,0,1,1,7.4769
30,55290,17,20306,60,1,3,99.69,4760,7,1,0,504,0.4534,0,0.3673,78.03,1.5,0,1,1,3.0747
50,68802,5,38686,36,1,8,34.79,10268,2,1,1,433,0.7115,0,0.5623,277.51,4.0,0,1,1,0.7267
55,64461,26,44765,24,3,3,28.55,23091,5,1,1,597,1.0527,1,0.6945,923.64,0.75,1,0,1,4.0334
45,47315,17,61897,36,2,4,45.31,31411,6,0,0,520,1.9721,0,1.3082,848.95,1.3333,0,1,1,3.5929
63,75380,29,35247,48,5,6,85.66,5871,2,0,2,503,0.5455,0,0.4676,119.82,1.0,0,1,1,3.8472
66,75603,12,24232,24,3,2,72.86,16756,5,1,2,567,0.5421,1,0.3205,670.24,0.5,0,1,1,1.5872
27,58681,34,64050,60,4,2,47.16,19959,1,1,1,668,1.4316,1,1.0915,327.2,0.4,1,1,1,5.794
67,74253,28,71145,36,6,3,24.46,26645,2,2,2,635,1.317,1,0.9581,720.14,0.4286,1,0,1,3.7709
51,60452,7,40134,48,6,8,72.7,14563,2,1,2,405,0.9048,0,0.6639,297.2,1.1429,0,1,1,1.1579
52,43770,25,4185,60,9,1,85.45,2361,5,1,2,609,0.1496,0,0.0956,38.7,0.1,1,1,1,5.7117
25,68956,10,41051,36,5,4,40.0,24211,7,2,0,506,0.9464,0,0.5953,654.35,0.6667,0,1,1,1.4502
51,57212,12,71364,12,6,6,66.86,29247,2,0,0,476,1.7586,0,1.2474,2249.77,0.8571,0,1,1,2.0975
56,55026,8,79149,48,7,7,40.02,17174,2,1,2,461,1.7505,1,1.4384,350.49,0.875,0,1,1,1.4539
49,84459,23,33280,12,2,4,47.85,22052,6,2,1,540,0.6551,1,0.394,1696.31,1.3333,0,1,1,2.7232
25,15000,9,13710,36,7,0,52.49,13255,3,0,1,646,1.7977,1,0.914,358.24,0.0,1,1,0,6.0
46,26646,22,46628,60,8,0,77.57,9542,4,0,2,645,2.108,0,1.7499,156.43,0.0,1,1,0,8.2564
66,31258,20,66794,36,3,4,97.75,28264,5,0,0,492,3.0411,0,2.1369,763.89,1.0,0,1,1,6.3984
56,47734,26,75710,48,2,8,44.44,21874,1,0,2,471,2.0443,0,1.5861,446.41,2.6667,0,1,1,5.4469
27,49907,34,6036,36,4,0,34.23,22903,6,1,0,686,0.5799,1,0.1209,619.0,0.0,2,1,0,6.8127
68,24853,0,24662,24,3,8,37.36,33021,2,0,2,408,2.321,0,0.9923,1320.84,2.0,0,1,1,0.0
67,35296,34,39256,24,6,6,13.39,7451,5,1,0,532,1.3233,0,1.1122,298.04,0.8571,0,0,1,9.6328
29,37783,3,9663,36,8,0,29.69,12479,3,0,0,657,0.586,1,0.2557,337.27,0.0,1,0,0,0.794
60,104148,18,71134,12,6,3,8.64,19579,6,0,2,596,0.871,1,0.683,1506.08,0.4286,1,0,1,1.7283
40,91034,11,10749,36,2,2,42.79,12356,4,1,0,603,0.2538,1,0.1181,333.95,0.6667,1,1,1,1.2083
50,46765,22,53886,36,3,9,16.74,25831,1,0,2,454,1.7046,0,1.1523,698.14,2.25,0,0,1,4.7044
42,47728,25,73653,60,7,5,34.64,16126,1,3,2,568,1.8811,0,1.5432,264.36,0.625,0,1,1,5.238
59,32015,30,55446,12,3,3,79.36,8074,7,1,0,541,1.9841,0,1.7319,621.08,0.75,0,1,1,9.3706
69,16837,14,61530,60,6,2,24.59,18657,4,0,0,607,4.7625,0,3.6545,305.85,0.2857,1,0,1,8.315
59,52662,32,22538,36,7,5,61.19,19703,2,0,2,551,0.8021,0,0.428,532.51,0.625,0,1,1,6.0765
66,35042,11,66542,48,3,0,90.12,27346,1,1,2,641,2.6793,1,1.8989,558.08,0.0,1,1,0,3.1391
67,53302,7,34648,36,6,2,56.69,21931,1,1,2,604,1.0615,0,0.65,592.73,0.2857,1,1,1,1.3133
25,22995,13,6783,24,4,1,19.38,22611,7,2,0,610,1.2783,0,0.295,904.44,0.2,1,0,1,5.6534
33,39760,18,30593,60,2,6,34.48,21202,7,1,2,462,1.3027,0,0.7694,347.57,2.0,0,1,1,4.5272
56,57972,23,29287,24,4,6,59.04,16117,3,1,1,497,0.7832,0,0.5052,644.68,1.2,0,1,1,3.9674
49,62324,29,42672,12,4,4,50.66,10837,1,1,2,597,0.8586,1,0.6847,833.62,0.8,1,1,1,4.6531
23,63349,7,22656,48,1,1,14.86,20888,3,2,1,650,0.6874,1,0.3576,426.29,0.5,1,0,1,1.105
25,28590,10,38053,48,9,3,44.68,14668,1,1,0,587,1.844,0,1.331,299.35,0.3,1,1,1,3.4977
46,72093,32,35381,60,5,8,54.31,34898,4,0,2,447,0.9748,0,0.4908,572.1,1.3333,0,1,1,4.4387
51,38995,15,27498,36,1,2,26.73,31421,5,2,2,600,1.5109,0,0.7052,849.22,1.0,1,0,1,3.8466
29,67657,8,56305,12,8,1,61.24,24328,7,2,1,575,1.1918,0,0.8322,1871.38,0.1111,0,1,1,1.1824
29,54787,34,25827,12,8,1,7.02,21784,2,1,2,718,0.869,1,0.4714,1675.69,0.1111,2,0,1,6.2059
27,27472,15,61730,36,1,8,33.66,17120,1,3,0,455,2.8702,0,2.247,462.7,4.0,0,1,1,5.4601
48,48676,34,21566,24,2,1,80.43,5388,1,2,0,672,0.5537,1,0.4431,215.52,0.3333,2,1,1,6.985
21,62307,32,69460,60,4,5,25.93,15838,3,0,0,572,1.369,0,1.1148,259.64,1.0,0,0,1,5.1359
49,67259,31,30473,12,5,9,60.52,19014,4,2,1,413,0.7358,0,0.4531,1462.62,1.5,0,1,1,4.609
44,52180,20,5174,60,7,6,41.0,20294,0,1,0,533,0.4881,1,0.0992,332.69,0.75,0,1,1,3.8329
43,85635,27,13695,24,4,4,31.65,22695,6,1,1,561,0.4249,0,0.1599,907.8,0.8,0,1,1,3.1529
54,75150,33,64888,12,6,2,91.61,27213,3,1,0,612,1.2256,0,0.8634,2093.31,0.2857,1,1,1,4.3912
46,49866,9,70024,24,1,0,34.33,11078,6,2,2,638,1.6264,1,1.4042,443.12,0.0,1,1,0,1.8048
56,70002,1,18534,12,6,1,23.67,11169,3,1,2,634,0.4243,1,0.2648,859.15,0.1429,1,0,1,0.1429
58,93675,11,48965,36,9,9,90.93,32508,1,1,2,381,0.8697,0,0.5227,878.59,0.9,0,1,1,1.1743
66,94209,22,46799,24,5,1,74.59,25709,0,0,0,668,0.7697,1,0.4968,1028.36,0.1667,1,1,1,2.3352
60,30440,19,12435,36,5,0,68.18,14092,4,1,2,646,0.8715,1,0.4085,380.86,0.0,1,1,0,6.2418
46,36469,2,37255,36,3,8,4.95,16927,4,3,0,423,1.4857,0,1.0216,457.49,2.0,0,0,1,0.5484
45,84698,19,56121,12,9,4,13.12,16972,6,2,2,561,0.863,0,0.6626,1305.54,0.4,0,0,1,2.2433
32,33834,6,77435,12,1,3,63.83,18315,7,0,1,504,2.83,0,2.2887,1408.85,1.5,0,1,1,1.7734
50,28549,17,68117,12,3,7,20.94,22726,1,2,1,498,3.182,0,2.386,1748.15,1.75,0,0,1,5.9547
27,45276,20,9631,12,2,5,22.56,43349,2,2,0,552,1.1702,0,0.2127,3334.54,1.6667,0,0,1,4.4174
66,63404,22,20527,12,8,9,77.91,19897,1,1,2,410,0.6376,0,0.3237,1530.54,1.0,0,1,1,3.4698
62,52952,14,36063,24,5,4,28.59,24625,0,0,2,590,1.1461,1,0.6811,985.0,0.6667,1,0,1,2.6439
26,41988,14,13746,36,9,7,7.16,1135,0,1,2,520,0.3544,0,0.3274,30.68,0.7,0,0,1,3.3343
59,41515,23,46513,24,6,8,3.64,13151,0,0,2,508,1.4372,0,1.1204,526.04,1.1429,0,0,1,5.5402
26,40753,26,2672,24,6,4,44.32,30288,4,1,2,558,0.8088,0,0.0656,1211.52,0.5714,0,1,1,6.3799
56,37409,28,10854,36,5,2,61.71,22023,1,1,0,639,0.8789,1,0.2901,595.22,0.3333,1,1,1,7.4848
25,100632,11,5685,36,2,9,86.89,0,1,3,2,392,0.0565,0,0.0565,0.0,3.0,0,1,1,1.0931
44,60950,14,25048,24,6,2,11.08,24740,0,1,0,666,0.8169,1,0.411,989.6,0.2857,1,0,1,2.297
53,72735,11,61455,24,7,0,19.67,37181,5,2,1,663,1.3561,0,0.8449,1487.24,0.0,1,0,0,1.5123
56,45218,18,15827,36,9,5,52.98,0,5,3,0,502,0.35,1,0.35,0.0,0.5,0,1,1,3.9807
41,51280,4,79000,12,5,9,36.41,33193,7,0,2,342,2.1879,0,1.5406,2553.31,1.5,0,1,1,0.78
66,40728,15,23024,36,9,0,48.25,0,0,0,2,699,0.5653,1,0.5653,0.0,0.0,2,1,0,3.683
58,15000,6,5500,60,9,8,92.41,27379,1,2,0,385,2.1919,0,0.3667,448.84,0.8,0,1,1,4.0
31,27439,18,28168,24,5,8,54.49,17913,3,2,1,424,1.6794,0,1.0266,716.52,1.3333,0,1,1,6.56
53,18787,29,60349,12,4,9,41.51,0,5,1,1,408,3.2123,0,3.2123,0.0,1.8,0,1,1,15.4362
56,15000,34,10318,48,2,4,98.94,22461,1,1,2,557,2.1853,0,0.6879,458.39,1.3333,0,1,1,22.6667
37,31092,15,7605,12,3,2,6.52,29508,1,1,2,655,1.1937,1,0.2446,2269.85,0.5,1,0,1,4.8244
57,81499,1,68248,12,8,5,93.21,21638,3,2,0,459,1.1029,0,0.8374,1664.46,0.5556,0,1,1,0.1227
65,54111,7,48186,12,2,1,50.17,23848,0,2,1,649,1.3312,1,0.8905,1834.46,0.3333,1,1,1,1.2936
61,80811,3,28773,60,4,8,50.38,13883,3,0,1,409,0.5278,1,0.3561,227.59,1.6,0,1,1,0.3712
58,63219,26,60973,60,7,6,92.2,0,6,0,1,450,0.9645,0,0.9645,0.0,0.75,0,1,1,4.1127
52,70651,34,67857,36,3,4,50.73,24918,4,0,1,576,1.3131,0,0.9605,673.46,1.0,0,1,1,4.8124
34,36982,19,30017,48,9,5,43.84,35497,3,3,0,523,1.7715,0,0.8117,724.43,0.5,0,1,1,5.1376
59,65479,6,45772,48,6,7,27.25,29295,3,3,0,457,1.1464,0,0.699,597.86,1.0,0,0,1,0.9163
38,69574,0,2852,48,1,5,65.88,0,7,2,1,441,0.041,1,0.041,0.0,2.5,0,1,1,0.0
47,43467,34,25878,36,3,8,56.96,2851,4,0,2,450,0.6609,0,0.5953,77.05,2.0,0,1,1,7.822
36,66190,11,48424,60,7,9,21.43,9540,4,1,0,406,0.8757,0,0.7316,156.39,1.125,0,0,1,1.6619
36,66323,3,17373,48,8,9,70.94,2070,7,0,0,322,0.2932,0,0.2619,42.24,1.0,0,1,1,0.4523
28,44008,6,79317,12,9,6,64.41,18441,1,1,2,475,2.2214,0,1.8023,1418.54,0.6,0,1,1,1.3634
68,32544,8,77749,24,8,7,39.73,21934,0,0,2,476,3.063,0,2.389,877.36,0.7778,0,1,1,2.4582
28,31317,22,22094,60,1,3,0.44,3697,3,2,1,629,0.8235,1,0.7055,60.61,1.5,1,0,1,7.0249
25,56730,31,32916,36,7,0,44.66,25771,2,0,0,712,1.0345,0,0.5802,696.51,0.0,2,1,0,5.4645
66,61540,9,16780,24,1,4,0.61,24011,1,1,2,595,0.6628,1,0.2727,960.44,2.0,1,0,1,1.4625
48,39149,24,41308,60,1,8,7.5,12518,0,3,1,507,1.3749,0,1.0551,205.21,4.0,0,0,1,6.1304
42,55531,2,11666,48,7,1,43.06,16274,7,1,2,577,0.5031,0,0.2101,332.12,0.125,0,1,1,0.3602
57,66410,0,32493,36,5,5,8.19,0,4,0,0,516,0.4893,1,0.4893,0.0,0.8333,0,0,1,0.0
39,67363,1,45309,36,6,1,27.57,14677,5,3,0,610,0.8905,1,0.6726,396.68,0.1429,1,0,1,0.1484
27,86037,32,49723,12,8,4,65.55,18073,0,1,0,605,0.788,0,0.5779,1390.23,0.4444,1,1,1,3.7193
56,80539,20,48522,24,1,1,30.86,19687,2,1,2,677,0.8469,1,0.6025,787.48,0.5,2,1,1,2.4833
29,34974,28,19270,36,5,7,99.76,21788,4,1,1,428,1.174,0,0.551,588.86,1.1667,0,1,1,8.0059
48,88671,0,63797,60,8,8,91.63,20442,4,2,0,360,0.95,0,0.7195,335.11,0.8889,0,1,1,0.0
67,44380,0,55956,24,4,7,58.53,15356,5,1,1,398,1.6068,0,1.2608,614.24,1.4,0,1,1,0.0
66,75897,29,60739,12,5,7,96.69,20861,5,1,2,431,1.0751,0,0.8003,1604.69,1.1667,0,1,1,3.821
38,56359,3,38492,36,5,2,86.8,28020,3,1,0,552,1.1801,0,0.683,757.3,0.3333,0,1,1,0.5323
59,46757,5,71618,60,9,5,31.89,17045,6,0,2,480,1.8963,0,1.5317,279.43,0.5,0,1,1,1.0694
51,18846,18,32408,36,1,1,74.96,21175,2,2,2,625,2.8432,1,1.7196,572.3,0.5,1,1,1,9.5511
44,51568,21,64850,24,8,3,13.68,16138,0,0,1,648,1.5705,1,1.2576,645.52,0.3333,1,0,1,4.0723
27,23812,8,17875,48,8,5,68.46,11532,7,1,2,443,1.235,0,0.7507,235.35,0.5556,0,1,1,3.3597
39,74345,15,21286,48,8,6,49.11,23228,0,1,2,520,0.5987,0,0.2863,474.04,0.6667,0,1,1,2.0176
52,85335,23,43086,24,4,0,1.68,12447,2,0,0,739,0.6508,1,0.5049,497.88,0.0,2,0,0,2.6953
69,39061,15,45358,60,5,8,27.42,21861,0,1,0,471,1.7209,0,1.1612,358.38,1.3333,0,0,1,3.8401
21,61039,13,60204,36,4,4,95.54,18282,1,1,0,528,1.2858,0,0.9863,494.11,0.8,0,1,1,2.1298
56,40492,2,25198,12,3,8,31.58,14960,3,1,0,413,0.9918,0,0.6223,1150.77,2.0,0,1,1,0.4939
62,42430,15,70066,36,8,5,18.15,14718,1,0,1,561,1.9982,1,1.6513,397.78,0.5556,0,0,1,3.5352
67,70489,28,27723,60,5,5,18.75,12918,3,2,2,572,0.5766,1,0.3933,211.77,0.8333,0,0,1,3.9723
41,54229,21,43666,24,7,6,47.92,1541,7,3,2,464,0.8336,0,0.8052,61.64,0.75,0,1,1,3.8725
26,89792,31,74691,36,1,8,84.26,21828,1,1,0,458,1.0749,0,0.8318,589.95,4.0,0,1,1,3.4524
34,45355,4,44073,48,8,1,75.8,20315,7,1,1,552,1.4196,0,0.9717,414.59,0.1111,0,1,1,0.8819
62,74986,0,55187,48,6,5,43.69,26496,3,0,0,494,1.0893,0,0.736,540.73,0.7143,0,1,1,0.0
64,56948,19,72872,60,9,0,20.87,12685,4,0,1,690,1.5024,1,1.2796,207.95,0.0,2,0,0,3.3364
52,70915,6,78018,12,2,4,4.61,36953,3,1,0,565,1.6213,0,1.1002,2842.54,1.3333,0,0,1,0.8461
27,46056,20,40953,36,5,8,46.26,14202,2,3,2,449,1.1976,0,0.8892,383.84,1.3333,0,1,1,4.3425
26,54008,31,34519,36,5,8,81.48,9248,0,2,2,465,0.8104,0,0.6391,249.95,1.3333,0,1,1,5.7399
44,52690,11,17360,12,5,2,72.97,8063,4,1,0,572,0.4825,1,0.3295,620.23,0.3333,0,1,1,2.0877
49,38278,19,43920,48,1,3,40.86,660,7,3,2,552,1.1646,0,1.1474,13.47,1.5,0,1,1,4.9637
22,68241,23,73630,12,5,5,59.47,33326,4,1,1,515,1.5673,0,1.079,2563.54,0.8333,0,1,1,3.3704
54,68004,5,39995,36,3,3,43.62,31710,4,0,2,552,1.0544,0,0.5881,857.03,0.75,0,1,1,0.7353
47,66871,31,29181,24,6,1,57.9,24007,5,1,1,644,0.7954,1,0.4364,960.28,0.1429,1,1,1,4.6358
21,85739,7,10368,12,3,3,51.75,9039,3,0,0,567,0.2263,1,0.1209,695.31,0.75,0,1,1,0.8164
25,83986,28,32399,60,4,4,68.1,36112,0,2,2,591,0.8157,0,0.3858,592.0,0.8,1,1,1,3.3339
43,47501,23,20462,24,6,5,50.77,14482,4,1,0,521,0.7356,0,0.4308,579.28,0.7143,0,1,1,4.842
56,62461,4,78183,24,1,9,94.06,15309,6,1,1,312,1.4968,0,1.2517,612.36,4.5,0,1,1,0.6404
61,42527,25,43155,60,8,5,42.8,32372,2,1,0,547,1.776,0,1.0148,530.69,0.5556,0,1,1,5.8786
42,55467,6,12684,60,7,3,1.59,24589,6,3,2,566,0.672,1,0.2287,403.1,0.375,0,0,1,1.0817
35,43005,20,7255,12,1,6,23.64,40011,6,1,2,481,1.0991,0,0.1687,3077.77,3.0,0,0,1,4.6506
68,87401,33,68357,24,1,7,50.06,20487,1,1,0,519,1.0165,0,0.7821,819.48,3.5,0,1,1,3.7757
43,62273,33,74654,48,8,4,54.06,14029,4,0,1,572,1.4241,0,1.1988,286.31,0.4444,0,1,1,5.2992
36,50639,30,61514,48,3,4,55.24,11881,5,3,2,553,1.4494,0,1.2148,242.47,1.0,0,1,1,5.9243
42,78872,17,11659,60,8,2,71.46,0,3,1,0,602,0.1478,0,0.1478,0.0,0.2222,1,1,1,2.1554
21,15000,19,9666,36,5,8,27.46,15214,5,0,1,425,1.6587,0,0.6444,411.19,1.3333,0,0,1,12.6667
35,15000,10,17442,12,4,8,66.49,29445,7,2,2,353,3.1258,0,1.1628,2265.0,1.6,0,1,1,6.6667
46,70916,32,60588,60,3,1,70.4,23988,5,0,1,637,1.1926,0,0.8544,393.25,0.25,1,1,1,4.5124
66,56209,16,61695,12,6,3,41.13,18203,6,1,2,556,1.4214,0,1.0976,1400.23,0.4286,0,1,1,2.8465
57,60008,27,67352,12,1,2,40.22,8050,6,1,1,612,1.2565,1,1.1224,619.23,1.0,1,1,1,4.4994
59,28472,12,9560,48,4,9,17.89,20268,6,1,2,381,1.0476,0,0.3358,413.63,1.8,0,0,1,4.2147
47,54535,25,13950,48,4,0,41.4,28128,6,1,0,662,0.7716,1,0.2558,574.04,0.0,1,1,0,4.5842
26,95070,7,72221,12,2,2,78.68,22307,1,0,0,595,0.9943,1,0.7597,1715.92,0.6667,1,1,1,0.7363
40,71483,25,74442,12,4,3,90.9,19667,0,0,0,597,1.3165,0,1.0414,1512.85,0.6,1,1,1,3.4973
69,58394,1,58604,36,5,5,59.36,10030,1,0,2,504,1.1754,0,1.0036,271.08,0.8333,0,1,1,0.1713
23,46218,3,10270,24,7,2,29.94,26671,1,0,2,615,0.7993,1,0.2222,1066.84,0.25,1,0,1,0.6491
64,47108,12,7352,48,1,5,68.23,0,5,3,2,478,0.1561,0,0.1561,0.0,2.5,0,1,1,2.5473
54,15000,16,6335,36,8,7,74.01,21828,4,1,0,421,1.8775,0,0.4223,589.95,0.7778,0,1,1,10.6667
34,60152,24,55964,36,8,8,33.22,43703,3,1,1,454,1.6569,0,0.9304,1181.16,0.8889,0,1,1,3.9899
59,71909,12,67985,36,7,0,82.65,2916,0,1,2,671,0.986,1,0.9454,78.81,0.0,2,1,0,1.6688
62,23487,0,51267,24,9,1,7.37,15586,5,2,2,615,2.8464,1,2.1828,623.44,0.1,1,0,1,0.0
23,41771,11,22443,24,4,0,1.08,17920,2,0,0,705,0.9663,1,0.5373,716.8,0.0,2,0,0,2.6334
26,31850,15,61073,48,8,9,12.3,13374,6,0,2,393,2.3374,0,1.9175,272.94,1.0,0,0,1,4.7096
53,35692,19,6612,36,7,6,15.6,28363,0,1,0,546,0.9799,0,0.1853,766.57,0.75,0,0,1,5.3233
69,56069,22,66599,36,6,5,87.89,22724,2,1,0,510,1.5931,0,1.1878,614.16,0.7143,0,1,1,3.9237
22,15000,8,71566,36,2,7,42.5,19523,0,2,2,471,6.0726,0,4.7711,527.65,2.3333,0,1,1,5.3333
53,67285,21,58031,24,6,5,27.49,25972,2,2,1,558,1.2485,0,0.8625,1038.88,0.7143,0,0,1,3.1211
27,70077,22,70582,60,9,2,42.91,18167,7,2,1,590,1.2664,0,1.0072,297.82,0.2,1,1,1,3.1394
52,49977,27,47721,36,9,5,39.48,49798,3,0,1,542,1.9513,0,0.9549,1345.89,0.5,0,1,1,5.4025
51,15000,18,38532,48,5,7,30.15,19513,3,0,2,470,3.8697,0,2.5688,398.22,1.1667,0,1,1,12.0
25,35071,28,27152,60,3,0,13.79,19952,2,0,0,727,1.3431,1,0.7742,327.08,0.0,2,0,0,7.9838
54,79658,7,73893,60,7,6,65.59,895,2,2,2,477,0.9389,0,0.9276,14.67,0.75,0,1,1,0.8788
64,15000,24,56387,48,1,4,13.66,12565,5,3,0,567,4.5968,0,3.7591,256.43,2.0,0,0,1,16.0
63,48049,1,16858,48,2,0,77.54,29473,7,3,0,573,0.9642,1,0.3509,601.49,0.0,0,1,0,0.2081
22,31399,3,76643,36,6,2,20.17,4645,5,0,1,585,2.5889,1,2.4409,125.54,0.2857,1,0,1,0.9554
33,71091,30,6617,48,9,4,73.14,0,5,2,1,545,0.0931,0,0.0931,0.0,0.4,0,1,1,4.2199
32,41497,16,47826,24,3,3,80.56,18323,3,1,0,552,1.5941,0,1.1525,732.92,0.75,0,1,1,3.8557
43,63079,21,16862,48,4,2,12.53,31707,0,2,1,678,0.77,1,0.2673,647.08,0.4,2,0,1,3.3292
28,66309,21,53818,12,3,6,8.67,18423,5,1,2,514,1.0895,0,0.8116,1417.15,1.5,0,0,1,3.167
62,91724,24,34186,60,4,4,94.96,14638,6,0,1,507,0.5323,0,0.3727,239.97,0.8,0,1,1,2.6165
59,50941,8,36095,24,1,4,46.3,0,4,0,2,529,0.7086,1,0.7086,0.0,2.0,0,1,1,1.5704
60,62520,6,54380,48,6,7,63.02,22522,0,3,2,459,1.23,0,0.8698,459.63,1.0,0,1,1,0.9597
30,25298,1,60977,12,6,0,2.33,24612,5,1,1,650,3.3832,0,2.4103,1893.23,0.0,1,0,0,0.3953
21,78808,30,31643,12,3,3,27.87,182,7,1,1,593,0.4038,0,0.4015,14.0,0.75,1,0,1,3.8067
65,39789,7,79818,60,3,0,50.54,29345,1,1,1,665,2.7435,0,2.006,481.07,0.0,1,1,0,1.7593
35,43784,20,40880,60,7,9,88.62,25656,1,1,1,392,1.5196,0,0.9337,420.59,1.125,0,1,1,4.5679
53,54555,15,14510,24,2,1,27.14,29323,5,3,0,633,0.8035,1,0.266,1172.92,0.3333,1,0,1,2.7495
65,23742,5,2499,12,1,8,77.52,23835,2,0,0,387,1.1092,0,0.1053,1833.46,4.0,0,1,1,2.106
22,59575,14,17787,60,1,1,66.22,24536,5,0,0,602,0.7104,1,0.2986,402.23,0.5,1,1,1,2.35
21,74349,2,55905,60,8,3,11.53,23207,5,2,1,565,1.0641,1,0.7519,380.44,0.3333,0,0,1,0.269
21,60858,6,44076,12,4,6,29.34,26684,2,1,2,495,1.1627,1,0.7242,2052.62,1.2,0,0,1,0.9859
28,23222,4,28350,48,1,8,23.79,0,0,0,1,453,1.2208,0,1.2208,0.0,4.0,0,0,1,1.7225
23,52523,28,39547,24,8,1,44.25,2989,4,0,1,660,0.8099,1,0.7529,119.56,0.1111,1,1,1,5.331
61,69840,19,67373,48,2,2,63.53,10639,3,0,1,609,1.117,0,0.9647,217.12,0.6667,1,1,1,2.7205
50,17440,32,46582,36,4,8,43.34,16701,6,0,2,429,3.6286,0,2.671,451.38,1.6,0,1,1,18.3486
69,33504,15,6531,12,1,3,24.45,21881,2,0,1,602,0.848,1,0.1949,1683.15,1.5,1,0,1,4.4771
60,72530,7,5827,24,7,2,69.59,21246,1,0,1,598,0.3733,1,0.0803,849.84,0.25,1,1,1,0.9651
68,60401,21,39599,36,7,7,58.45,29171,6,2,2,431,1.1386,0,0.6556,788.41,0.875,0,1,1,3.4768
32,63239,32,33533,48,7,0,51.93,29484,5,2,0,679,0.9965,1,0.5303,601.71,0.0,2,1,0,5.0602
35,92189,18,68339,12,3,8,55.44,9276,4,2,1,428,0.8419,0,0.7413,713.54,2.0,0,1,1,1.9525
62,64371,0,47472,60,3,8,22.19,20385,7,1,1,381,1.0542,0,0.7375,334.18,2.0,0,0,1,0.0
32,68157,10,61035,48,9,8,68.04,9521,6,1,2,377,1.0352,0,0.8955,194.31,0.8,0,1,1,1.4672
23,109214,32,47644,60,8,2,38.75,16117,6,3,2,631,0.5838,1,0.4362,264.21,0.2222,1,1,1,2.93
53,50723,18,28931,60,1,1,36.35,21217,6,2,2,622,0.9887,1,0.5704,347.82,0.5,1,1,1,3.5487
60,39042,33,53272,12,7,4,14.97,0,3,1,1,611,1.3645,1,1.3645,0.0,0.5,1,0,1,8.4524
68,63555,17,50471,12,8,3,59.68,42112,0,0,0,600,1.4567,1,0.7941,3239.38,0.3333,1,1,1,2.6748
66,63779,0,58176,48,6,9,60.27,23664,4,1,1,349,1.2832,0,0.9121,482.94,1.2857,0,1,1,0.0
26,44465,30,16760,12,6,6,34.03,12042,6,1,2,499,0.6477,0,0.3769,926.31,0.8571,0,1,1,6.7469
58,34352,26,52040,12,1,9,85.99,37273,7,1,2,342,2.5999,0,1.5149,2867.15,4.5,0,1,1,7.5687
62,101196,25,24266,36,1,7,84.55,14525,5,0,2,439,0.3833,0,0.2398,392.57,3.5,0,1,1,2.4705
55,61536,33,63638,60,1,7,10.91,19325,4,3,0,515,1.3482,0,1.0342,316.8,3.5,0,0,1,5.3627
61,40354,6,64284,48,2,1,69.5,13128,4,1,2,591,1.9183,0,1.593,267.92,0.3333,1,1,1,1.4868
62,73318,31,50731,36,9,0,39.38,34519,0,1,2,738,1.1627,1,0.6919,932.95,0.0,2,1,0,4.2282
42,52817,8,75842,12,6,0,99.97,16950,0,0,2,643,1.7569,1,1.4359,1303.85,0.0,1,1,0,1.5147
22,49942,33,43925,24,8,5,22.5,19494,0,2,2,604,1.2699,0,0.8795,779.76,0.5556,1,0,1,6.6077
43,66245,6,3960,48,3,2,28.05,30037,7,2,1,566,0.5132,1,0.0598,613.0,0.5,0,0,1,0.9057
30,29162,19,49283,12,9,9,44.21,23851,6,0,2,373,2.5079,0,1.69,1834.69,0.9,0,1,1,6.5153
26,62052,27,62660,36,2,1,26.87,17456,2,1,0,691,1.2911,1,1.0098,471.78,0.3333,2,0,1,4.3512
27,93259,2,9893,12,9,9,69.2,29103,3,1,0,361,0.4181,0,0.1061,2238.69,0.9,0,1,1,0.2145
55,64323,2,10158,24,1,6,48.09,43384,3,2,2,459,0.8324,0,0.1579,1735.36,3.0,0,1,1,0.3109
45,47475,29,23306,24,1,1,22.09,21174,1,0,2,705,0.9369,1,0.4909,846.96,0.5,2,0,1,6.1085
47,44857,2,67851,48,1,0,50.64,19167,3,2,2,638,1.9399,1,1.5126,391.16,0.0,1,1,0,0.4459
57,46793,21,43137,60,8,3,88.88,19706,2,1,0,566,1.343,0,0.9219,323.05,0.3333,0,1,1,4.4879
47,49920,32,78162,12,3,3,79.24,31104,5,0,0,564,2.1888,1,1.5657,2392.62,0.75,0,1,1,6.4103
51,47443,21,70093,48,5,3,49.88,12008,6,0,0,559,1.7305,0,1.4774,245.06,0.5,0,1,1,4.4264
25,73326,16,45277,48,5,5,28.85,15216,0,0,2,570,0.825,0,0.6175,310.53,0.8333,0,0,1,2.182
62,20335,14,54966,60,8,1,17.99,2625,3,0,2,657,2.8321,0,2.703,43.03,0.1111,1,0,1,6.8847
42,72240,22,27818,60,4,1,87.84,6161,7,1,2,586,0.4704,0,0.3851,101.0,0.2,1,1,1,3.0454
28,47406,20,9051,12,1,6,71.02,12821,6,2,0,450,0.4614,0,0.1909,986.23,3.0,0,1,1,4.2189
60,62538,17,33101,48,4,9,57.22,17440,6,0,1,367,0.8082,0,0.5293,355.92,1.8,0,1,1,2.7183
56,32460,5,48197,36,3,2,87.94,35690,5,3,2,529,2.5843,0,1.4848,964.59,0.5,0,1,1,1.5404
23,81572,23,16211,12,7,9,12.17,23359,0,0,0,477,0.4851,0,0.1987,1796.85,1.125,0,0,1,2.8196
30,79912,25,19295,24,7,3,68.25,8879,7,1,2,549,0.3526,1,0.2415,355.16,0.375,0,1,1,3.1284
21,74191,24,3169,60,1,3,21.67,10720,5,3,1,603,0.1872,1,0.0427,175.74,1.5,1,0,1,3.2349
34,24704,2,59253,36,8,0,12.06,31747,7,2,0,622,3.6836,0,2.3985,858.03,0.0,1,0,0,0.8096
25,71582,24,72155,24,1,4,46.56,29266,7,1,0,529,1.4169,0,1.008,1170.64,2.0,0,1,1,3.3528
55,63097,25,66540,24,6,4,38.74,18281,2,2,2,587,1.3443,0,1.0546,731.24,0.5714,1,1,1,3.9622
46,22894,6,31639,60,4,6,94.12,13574,0,0,2,458,1.9749,0,1.382,222.52,1.2,0,1,1,2.6208
69,54514,29,48289,24,3,1,32.4,29249,5,0,2,657,1.4224,1,0.8858,1169.96,0.25,1,1,1,5.3197
57,62290,18,76942,12,5,1,81.49,8066,3,1,2,621,1.3647,0,1.2352,620.46,0.1667,1,1,1,2.8897
50,66121,16,48126,36,3,4,74.88,21920,0,0,1,560,1.0594,0,0.7278,592.43,1.0,0,1,1,2.4198
45,58545,25,25079,60,8,0,66.79,40726,2,1,2,680,1.124,1,0.4284,667.64,0.0,2,1,0,4.2702
23,60824,17,28410,12,9,1,92.04,20053,7,0,2,568,0.7968,0,0.4671,1542.54,0.1,0,1,1,2.7949
24,84472,19,58716,24,8,6,40.79,10243,2,3,0,520,0.8164,0,0.6951,409.72,0.6667,0,1,1,2.2493
51,79520,10,36807,36,4,9,38.97,22103,2,2,2,410,0.7408,0,0.4629,597.38,1.8,0,1,1,1.2575
21,15000,32,67309,12,5,5,16.09,13299,5,2,0,551,5.3739,0,4.4873,1023.0,0.8333,0,0,1,21.3333
23,48651,33,69400,48,5,1,27.58,4058,5,2,0,672,1.5099,1,1.4265,82.82,0.1667,2,0,1,6.783
31,51706,4,4795,24,8,9,87.98,25010,2,0,1,352,0.5764,0,0.0927,1000.4,1.0,0,1,1,0.7736
64,19958,25,58418,12,5,5,47.44,29178,6,0,2,500,4.389,0,2.927,2244.46,0.8333,0,1,1,12.5263
43,56883,0,30856,24,5,7,34.14,14890,4,1,0,431,0.8042,0,0.5424,595.6,1.1667,0,1,1,0.0
55,79975,12,42540,60,4,1,21.61,14227,1,1,1,679,0.7098,1,0.5319,233.23,0.2,2,0,1,1.5005
41,33268,33,22653,60,4,5,48.5,8384,2,1,2,562,0.9329,0,0.6809,137.44,1.0,0,1,1,9.9194
29,61728,6,30722,36,5,0,71.67,16500,6,1,0,603,0.765,0,0.4977,445.95,0.0,1,1,0,0.972
39,36683,13,27769,36,7,6,28.67,12376,0,1,2,527,1.0944,0,0.757,334.49,0.75,0,0,1,3.5439
25,41561,7,5929,60,4,2,75.77,7889,0,0,2,600,0.3325,1,0.1427,129.33,0.4,1,1,1,1.6843
58,84547,25,63056,12,8,9,62.98,36921,5,1,0,389,1.1825,0,0.7458,2840.08,1.0,0,1,1,2.9569
29,44148,16,13154,48,8,0,78.76,22664,3,1,0,643,0.8113,1,0.298,462.53,0.0,1,1,0,3.6242
39,64244,20,31312,48,4,6,25.09,23723,2,1,2,528,0.8567,1,0.4874,484.14,1.2,0,0,1,3.1131
69,17575,32,17055,48,9,1,63.1,26833,3,3,0,651,2.4972,0,0.9704,547.61,0.1,1,1,1,18.2077
50,92246,18,14527,24,2,6,15.37,25710,1,1,0,547,0.4362,0,0.1575,1028.4,2.0,0,0,1,1.9513
43,67053,25,31123,48,9,4,36.38,13868,2,2,2,591,0.671,0,0.4642,283.02,0.4,1,1,1,3.7284
47,51350,3,73663,48,3,9,72.44,20725,1,2,2,374,1.8381,0,1.4345,422.96,2.25,0,1,1,0.5842
59,66510,7,75643,60,6,6,63.17,15309,4,0,2,453,1.3675,0,1.1373,250.97,0.8571,0,1,1,1.0525
33,26803,33,31772,12,3,3,18.79,22384,5,1,1,611,2.0205,1,1.1854,1721.85,0.75,1,0,1,12.3121
52,78650,30,41401,48,4,0,85.83,21416,7,1,2,632,0.7987,1,0.5264,437.06,0.0,1,1,0,3.8144
63,48520,22,78884,60,4,5,5.34,14173,0,1,2,596,1.9179,0,1.6258,232.34,1.0,1,0,1,4.5342
49,50918,13,20317,24,7,4,59.52,4707,2,0,2,547,0.4915,0,0.399,188.28,0.5,0,1,1,2.5531
42,45166,6,75687,48,1,0,98.38,19462,2,3,2,618,2.1067,0,1.6758,397.18,0.0,1,1,0,1.3284
28,43386,29,10248,12,8,5,53.15,15957,4,3,2,530,0.604,1,0.2362,1227.46,0.5556,0,1,1,6.6842
33,68893,27,19616,48,9,2,80.07,0,4,0,1,603,0.2847,0,0.2847,0.0,0.2,1,1,1,3.9191
67,60118,8,28387,48,6,2,59.52,23076,7,0,1,545,0.856,0,0.4722,470.94,0.2857,0,1,1,1.3307
47,68034,20,4892,12,5,0,78.31,27653,7,0,1,615,0.4784,1,0.0719,2127.15,0.0,1,1,0,2.9397
35,54824,21,65626,12,7,3,65.56,43283,6,2,1,541,1.9865,0,1.197,3329.46,0.375,0,1,1,3.8304
41,65263,16,68722,48,2,2,69.11,14088,1,1,1,616,1.2689,0,1.053,287.51,0.6667,1,1,1,2.4516
49,46623,32,31900,24,7,0,22.78,12612,0,0,1,752,0.9547,1,0.6842,504.48,0.0,3,0,0,6.8636
47,99594,4,67238,36,2,4,74.18,6905,7,2,2,477,0.7445,0,0.6751,186.62,1.3333,0,1,1,0.4016
55,23641,9,62255,12,7,2,23.79,20086,7,1,1,569,3.483,0,2.6333,1545.08,0.25,0,0,1,3.8069
33,80218,3,64509,60,3,1,98.06,20023,2,1,0,589,1.0538,0,0.8042,328.25,0.25,1,1,1,0.374
52,82358,24,64610,36,7,4,22.78,9887,0,1,0,624,0.9046,1,0.7845,267.22,0.5,1,0,1,2.9141
42,37956,22,46731,60,8,0,23.67,16250,5,1,0,679,1.6593,1,1.2312,266.39,0.0,2,0,0,5.7962
67,99585,34,10644,12,2,9,85.87,0,4,1,2,409,0.1069,0,0.1069,0.0,3.0,0,1,1,3.4142
28,74909,18,74031,24,6,4,24.3,27263,7,0,1,536,1.3522,0,0.9883,1090.52,0.5714,0,0,1,2.4029
28,74422,5,49475,48,5,9,36.09,10293,4,1,0,383,0.8031,0,0.6648,210.06,1.5,0,1,1,0.6718
43,55560,15,72298,48,3,8,71.46,17653,6,3,2,380,1.619,0,1.3013,360.27,2.0,0,1,1,2.6998
45,50655,3,76809,48,6,9,15.87,3733,6,1,0,372,1.59,0,1.5163,76.18,1.2857,0,0,1,0.5922
54,50811,23,16598,60,9,5,15.91,12176,0,3,0,590,0.5663,1,0.3267,199.61,0.5,1,0,1,4.5266
40,62810,23,33366,60,1,4,48.64,15204,1,1,2,586,0.7733,1,0.5312,249.25,2.0,1,1,1,3.6618
65,83023,30,17014,12,9,7,24.37,17887,6,2,1,483,0.4204,0,0.2049,1375.92,0.7,0,0,1,3.6135
44,58626,11,5973,24,8,0,23.57,22797,1,0,2,700,0.4907,1,0.1019,911.88,0.0,2,0,0,1.8763
27,36771,10,77379,60,5,8,0.92,32390,1,2,2,470,2.9852,0,2.1043,530.98,1.3333,0,0,1,2.7195
26,71488,2,74017,36,6,3,37.04,25327,6,0,2,533,1.3897,0,1.0354,684.51,0.4286,0,1,1,0.2798
68,73423,14,74675,60,4,0,31.83,27621,1,0,0,701,1.3932,1,1.0171,452.8,0.0,2,1,0,1.9068
27,68093,16,70925,36,2,2,3.12,32461,1,0,2,666,1.5183,1,1.0416,877.32,0.6667,1,0,1,2.3497
67,69909,26,52604,12,6,2,62.12,23697,0,0,2,651,1.0914,1,0.7525,1822.85,0.2857,1,1,1,3.7191
34,49581,26,42727,36,8,0,62.67,17632,3,3,0,678,1.2174,1,0.8618,476.54,0.0,2,1,0,5.2439
25,36420,4,79334,60,3,6,7.08,28091,5,3,2,474,2.9496,0,2.1783,460.51,1.5,0,0,1,1.0983
35,37636,9,45075,48,7,0,31.7,28730,5,2,1,644,1.961,1,1.1977,586.33,0.0,1,1,0,2.3913
51,22290,17,52109,12,7,8,87.28,24485,7,0,2,353,3.4362,0,2.3378,1883.46,1.0,0,1,1,7.6267
41,59738,11,18515,24,7,4,58.22,3453,5,2,2,516,0.3677,0,0.3099,138.12,0.5,0,1,1,1.8414
59,53331,0,60243,60,4,7,41.2,9585,6,2,1,405,1.3093,0,1.1296,157.13,1.4,0,1,1,0.0
50,46200,29,65917,60,4,3,46.51,15251,1,1,0,626,1.7569,0,1.4268,250.02,0.6,1,1,1,6.2771
40,15000,25,54925,48,4,1,20.83,25796,2,1,2,681,5.3814,0,3.6617,526.45,0.2,2,0,1,16.6667
52,30053,18,40890,12,8,1,81.19,17786,2,1,1,623,1.9524,1,1.3606,1368.15,0.1111,1,1,1,5.9894
68,77416,11,17433,48,9,6,91.4,29368,0,0,0,478,0.6045,0,0.2252,599.35,0.6,0,1,1,1.4209
41,41707,29,4642,60,4,7,91.07,31152,7,1,0,407,0.8582,0,0.1113,510.69,1.4,0,1,1,6.9533
28,62211,1,50930,48,9,2,22.39,29991,1,2,2,620,1.3008,1,0.8187,612.06,0.2,1,0,1,0.1607
41,27186,15,55275,36,6,3,31.07,30055,3,0,0,584,3.1387,0,2.0332,812.3,0.4286,1,1,1,5.5175
62,83774,28,62263,36,4,9,16.06,7630,2,1,1,468,0.8343,0,0.7432,206.22,1.8,0,0,1,3.3423
31,52119,33,76138,24,1,8,30.72,22826,0,1,2,507,1.8988,0,1.4608,913.04,4.0,0,1,1,6.3317
67,60800,8,40794,24,6,4,33.28,11924,7,2,0,509,0.8671,0,0.671,476.96,0.5714,0,1,1,1.3158
49,101515,22,66673,48,6,2,63.31,1509,1,3,1,643,0.6716,1,0.6568,30.8,0.2857,1,1,1,2.1672
50,85328,6,57870,12,9,3,18.96,15125,0,2,0,620,0.8555,1,0.6782,1163.46,0.3,1,0,1,0.7032
36,48868,4,23621,12,7,5,91.94,31247,2,1,2,467,1.1228,0,0.4834,2403.62,0.625,0,1,1,0.8185
66,43135,12,67919,24,1,5,10.31,22607,1,1,2,559,2.0987,0,1.5746,904.28,2.5,0,0,1,2.782
22,48489,30,6159,48,6,1,0.69,38178,7,1,0,661,0.9144,1,0.127,779.14,0.1429,1,0,1,6.187
35,65197,24,48713,48,7,0,85.49,19772,1,1,1,678,1.0504,1,0.7472,403.51,0.0,2,1,0,3.6812
41,52895,17,75347,36,5,4,70.38,42478,2,0,1,539,2.2275,0,1.4245,1148.05,0.6667,0,1,1,3.2139
44,47095,9,53399,36,4,7,35.54,19775,2,1,2,465,1.5538,0,1.1339,534.46,1.4,0,1,1,1.911
44,84343,4,75090,12,8,1,59.55,18224,0,2,1,643,1.1064,0,0.8903,1401.85,0.1111,1,1,1,0.4743
28,52715,9,6380,24,6,4,22.35,5206,0,1,1,589,0.2198,1,0.121,208.24,0.5714,1,0,1,1.7073
32,100991,5,43528,12,7,1,16.84,29105,4,2,2,640,0.7192,1,0.431,2238.85,0.125,1,0,1,0.4951
25,56814,6,62887,48,5,2,47.11,12978,1,1,0,613,1.3353,0,1.1069,264.86,0.3333,1,1,1,1.0561
49,90706,24,52100,48,3,6,35.32,11529,0,1,1,555,0.7015,0,0.5744,235.29,1.5,0,1,1,2.6459
38,62146,4,70681,24,5,2,61.52,30812,2,0,0,585,1.6331,0,1.1373,1232.48,0.3333,1,1,1,0.6436
48,74259,1,38082,24,9,2,21.81,29582,2,0,2,613,0.9112,1,0.5128,1183.28,0.2,1,0,1,0.1347
49,40507,18,55243,24,6,9,66.29,29320,3,1,1,385,2.0876,0,1.3638,1172.8,1.2857,0,1,1,4.4437
55,37924,10,34741,60,7,1,76.69,14378,7,1,2,563,1.2952,0,0.9161,235.7,0.125,0,1,1,2.6369
47,64194,15,70025,36,2,1,16.66,17490,2,0,1,676,1.3633,1,1.0908,472.7,0.3333,2,0,1,2.3367
52,74771,4,11316,48,9,9,4.39,17401,5,0,0,395,0.3841,0,0.1513,355.12,0.9,0,0,1,0.535
49,55805,7,21821,36,3,5,43.96,25825,6,0,2,474,0.8538,0,0.391,697.97,1.25,0,1,1,1.2544
52,29272,15,9546,48,9,0,77.4,33535,0,2,2,667,1.4717,1,0.3261,684.39,0.0,1,1,0,5.1244
51,27794,24,56763,36,5,4,65.08,21681,4,2,2,537,2.8223,0,2.0423,585.97,0.6667,0,1,1,8.635
36,26457,14,20153,24,9,5,70.19,37748,3,1,2,489,2.1885,0,0.7617,1509.92,0.5,0,1,1,5.2916
33,19647,18,26736,60,9,2,40.28,26971,4,0,0,602,2.7336,0,1.3608,442.15,0.2,1,1,1,9.1617
59,57189,18,67257,48,7,5,23.49,15652,1,0,2,565,1.4497,0,1.176,319.43,0.625,0,0,1,3.1475
37,77500,9,30094,48,9,6,53.18,26287,3,0,0,475,0.7275,0,0.3883,536.47,0.6,0,1,1,1.1613
47,54731,9,13374,60,6,2,20.44,35059,0,1,0,645,0.8849,1,0.2444,574.74,0.2857,1,0,1,1.6444
30,15000,14,3635,24,8,8,72.62,37982,7,0,2,355,2.7745,0,0.2423,1519.28,0.8889,0,1,1,9.3333
42,51184,1,19682,12,2,4,19.7,29868,4,1,2,530,0.9681,1,0.3845,2297.54,1.3333,0,0,1,0.1954
46,51744,23,73345,36,1,9,29.13,18256,0,3,0,459,1.7703,0,1.4175,493.41,4.5,0,0,1,4.445
51,96919,21,44791,24,5,0,50.65,15833,4,1,0,677,0.6255,1,0.4621,633.32,0.0,2,1,0,2.1668
46,25857,10,79596,36,8,3,48.67,23760,7,2,2,521,3.9972,0,3.0783,642.16,0.3333,0,1,1,3.8674
38,47186,13,18780,24,7,7,60.08,34739,5,0,0,420,1.1342,0,0.398,1389.56,0.875,0,1,1,2.7551
68,89117,11,29415,24,5,8,43.74,22337,2,0,0,440,0.5807,0,0.3301,893.48,1.3333,0,1,1,1.2343
46,63999,22,14730,24,5,2,91.95,22545,7,3,0,548,0.5824,1,0.2302,901.8,0.3333,0,1,1,3.4376
